SPRITE,ACTION,DIRID,FIRSTFRAME,FRAMECOUNT
NORMAN  ,M ,0,1,6
NORMAN  ,M ,1,7,6
NORMAN  ,M ,2,13,6
NORMAN  ,M ,3,19,6
NORMAN  ,M ,4,25,6
NORMAN  ,M ,5,31,6
NORMAN  ,M ,6,37,6
NORMAN  ,M ,7,43,6
NORMAN  ,A1,0,49,5
NORMAN  ,A1,1,54,5
NORMAN  ,A1,2,59,5
NORMAN  ,A1,3,64,5
NORMAN  ,A1,4,69,5
NORMAN  ,A1,5,74,5
NORMAN  ,A1,6,79,5
NORMAN  ,A1,7,84,5
NORMAN  ,A2,0,89,6
NORMAN  ,A2,1,95,6
NORMAN  ,A2,2,101,6
NORMAN  ,A2,3,107,6
NORMAN  ,A2,4,113,6
NORMAN  ,A2,5,119,6
NORMAN  ,A2,6,125,6
NORMAN  ,A2,7,131,6
NORMAN  ,D ,0,137,6
NORMAN  ,G ,0,143,5
NORMAN  ,G ,1,148,5
NORMAN  ,G ,2,153,5
NORMAN  ,G ,3,158,5
NORMAN  ,G ,4,163,5
NORMAN  ,G ,5,168,5
NORMAN  ,G ,6,173,5
NORMAN  ,G ,7,178,5
NORMAN  ,GM,0,183,6
NORMAN  ,GM,1,189,6
NORMAN  ,GM,2,195,6
NORMAN  ,GM,3,201,6
NORMAN  ,GM,4,207,6
NORMAN  ,GM,5,213,6
NORMAN  ,GM,6,219,6
NORMAN  ,GM,7,225,6
MAYA    ,M ,0,231,6
MAYA    ,M ,1,237,6
MAYA    ,M ,2,243,6
MAYA    ,M ,3,249,6
MAYA    ,M ,4,255,6
MAYA    ,M ,5,261,6
MAYA    ,M ,6,267,6
MAYA    ,M ,7,273,6
MAYA    ,A1,0,279,6
MAYA    ,A1,1,285,6
MAYA    ,A1,2,291,6
MAYA    ,A1,3,297,6
MAYA    ,A1,4,303,6
MAYA    ,A1,5,309,6
MAYA    ,A1,6,315,6
MAYA    ,A1,7,321,6
MAYA    ,D ,0,327,11
GREEK   ,M ,0,338,6
GREEK   ,M ,1,344,6
GREEK   ,M ,2,350,6
GREEK   ,M ,3,356,6
GREEK   ,M ,4,362,6
GREEK   ,M ,5,368,6
GREEK   ,M ,6,374,6
GREEK   ,M ,7,380,6
GREEK   ,A1,0,386,6
GREEK   ,A1,1,392,6
GREEK   ,A1,2,398,6
GREEK   ,A1,3,404,6
GREEK   ,A1,4,410,6
GREEK   ,A1,5,416,6
GREEK   ,A1,6,422,6
GREEK   ,A1,7,428,6
GREEK   ,A2,0,434,3
GREEK   ,A2,1,437,3
GREEK   ,A2,2,440,3
GREEK   ,A2,3,443,3
GREEK   ,A2,4,446,3
GREEK   ,A2,5,449,3
GREEK   ,A2,6,452,3
GREEK   ,A2,7,455,3
GREEK   ,A3,0,458,3
GREEK   ,A3,1,461,3
GREEK   ,A3,2,464,3
GREEK   ,A3,3,467,3
GREEK   ,A3,4,470,3
GREEK   ,A3,5,473,3
GREEK   ,A3,6,476,3
GREEK   ,A3,7,479,3
GREEK   ,D ,0,482,11
GREEK   ,G ,0,493,5
GREEK   ,G ,1,498,5
GREEK   ,G ,2,503,5
GREEK   ,G ,3,508,5
GREEK   ,G ,4,513,5
GREEK   ,G ,5,518,5
GREEK   ,G ,6,523,5
GREEK   ,G ,7,528,5
GREEK   ,GM,0,533,6
GREEK   ,GM,1,539,6
GREEK   ,GM,2,545,6
GREEK   ,GM,3,551,6
GREEK   ,GM,4,557,6
GREEK   ,GM,5,563,6
GREEK   ,GM,6,569,6
GREEK   ,GM,7,575,6
VIKING  ,M ,0,581,6
VIKING  ,M ,1,587,6
VIKING  ,M ,2,593,6
VIKING  ,M ,3,599,6
VIKING  ,M ,4,605,6
VIKING  ,M ,5,611,6
VIKING  ,M ,6,617,6
VIKING  ,M ,7,623,6
VIKING  ,A1,0,629,6
VIKING  ,A1,1,635,6
VIKING  ,A1,2,641,6
VIKING  ,A1,3,647,6
VIKING  ,A1,4,653,6
VIKING  ,A1,5,659,6
VIKING  ,A1,6,665,6
VIKING  ,A1,7,671,6
VIKING  ,A2,0,677,9
VIKING  ,A2,1,686,9
VIKING  ,A2,2,695,9
VIKING  ,A2,3,704,9
VIKING  ,A2,4,713,9
VIKING  ,A2,5,722,9
VIKING  ,A2,6,731,9
VIKING  ,A2,7,740,9
VIKING  ,D ,0,749,11
PERSIAN ,M ,0,760,6
PERSIAN ,M ,1,766,6
PERSIAN ,M ,2,772,6
PERSIAN ,M ,3,778,6
PERSIAN ,M ,4,784,6
PERSIAN ,M ,5,790,6
PERSIAN ,M ,6,796,6
PERSIAN ,M ,7,802,6
PERSIAN ,A1,0,808,6
PERSIAN ,A1,1,814,6
PERSIAN ,A1,2,820,6
PERSIAN ,A1,3,826,6
PERSIAN ,A1,4,832,6
PERSIAN ,A1,5,838,6
PERSIAN ,A1,6,844,6
PERSIAN ,A1,7,850,6
PERSIAN ,A2,0,856,6
PERSIAN ,A2,1,862,6
PERSIAN ,A2,2,868,6
PERSIAN ,A2,3,874,6
PERSIAN ,A2,4,880,6
PERSIAN ,A2,5,886,6
PERSIAN ,A2,6,892,6
PERSIAN ,A2,7,898,6
PERSIAN ,A3,0,904,6
PERSIAN ,A3,1,910,6
PERSIAN ,A3,2,916,6
PERSIAN ,A3,3,922,6
PERSIAN ,A3,4,928,6
PERSIAN ,A3,5,934,6
PERSIAN ,A3,6,940,6
PERSIAN ,A3,7,946,6
PERSIAN ,D ,0,952,11
CHINESE ,M ,0,963,6
CHINESE ,M ,1,969,6
CHINESE ,M ,2,975,6
CHINESE ,M ,3,981,6
CHINESE ,M ,4,987,6
CHINESE ,M ,5,993,6
CHINESE ,M ,6,999,6
CHINESE ,M ,7,1005,6
CHINESE ,A1,0,1011,6
CHINESE ,A1,1,1017,6
CHINESE ,A1,2,1023,6
CHINESE ,A1,3,1029,6
CHINESE ,A1,4,1035,6
CHINESE ,A1,5,1041,6
CHINESE ,A1,6,1047,6
CHINESE ,A1,7,1053,6
CHINESE ,A2,0,1059,5
CHINESE ,A2,1,1064,5
CHINESE ,A2,2,1069,5
CHINESE ,A2,3,1074,5
CHINESE ,A2,4,1079,5
CHINESE ,A2,5,1084,5
CHINESE ,A2,6,1089,5
CHINESE ,A2,7,1094,5
CHINESE ,D ,0,1099,6
JAPANESE,M ,0,1105,6
JAPANESE,M ,1,1111,6
JAPANESE,M ,2,1117,6
JAPANESE,M ,3,1123,6
JAPANESE,M ,4,1129,6
JAPANESE,M ,5,1135,6
JAPANESE,M ,6,1141,6
JAPANESE,M ,7,1147,6
JAPANESE,A1,0,1153,6
JAPANESE,A1,1,1159,6
JAPANESE,A1,2,1165,6
JAPANESE,A1,3,1171,6
JAPANESE,A1,4,1177,6
JAPANESE,A1,5,1183,6
JAPANESE,A1,6,1189,6
JAPANESE,A1,7,1195,6
JAPANESE,A2,0,1201,9
JAPANESE,A2,1,1210,9
JAPANESE,A2,2,1219,9
JAPANESE,A2,3,1228,9
JAPANESE,A2,4,1237,9
JAPANESE,A2,5,1246,9
JAPANESE,A2,6,1255,9
JAPANESE,A2,7,1264,9
JAPANESE,D ,0,1273,11
NO_ARROW,M ,0,1284,1
NO_ARROW,M ,1,1285,1
NO_ARROW,M ,2,1286,1
NO_ARROW,M ,3,1287,1
NO_ARROW,M ,4,1288,1
NO_ARROW,M ,5,1289,1
NO_ARROW,M ,6,1290,1
NO_ARROW,M ,7,1291,1
PE_ARROW,M ,0,1292,1
PE_ARROW,M ,1,1293,1
PE_ARROW,M ,2,1294,1
PE_ARROW,M ,3,1295,1
PE_ARROW,M ,4,1296,1
PE_ARROW,M ,5,1297,1
PE_ARROW,M ,6,1298,1
PE_ARROW,M ,7,1299,1
CH_ARROW,M ,0,1300,1
CH_ARROW,M ,1,1301,1
CH_ARROW,M ,2,1302,1
CH_ARROW,M ,3,1303,1
CH_ARROW,M ,4,1304,1
CH_ARROW,M ,5,1305,1
CH_ARROW,M ,6,1306,1
CH_ARROW,M ,7,1307,1
CARAVAN ,M ,0,1308,8
CARAVAN ,M ,1,1316,8
CARAVAN ,M ,2,1324,8
CARAVAN ,M ,3,1332,8
CARAVAN ,M ,4,1340,8
CARAVAN ,M ,5,1348,8
CARAVAN ,M ,6,1356,8
CARAVAN ,M ,7,1364,8
CARAVAN ,S ,0,1372,1
CARAVAN ,S ,1,1373,1
CARAVAN ,S ,2,1374,1
CARAVAN ,S ,3,1375,1
CARAVAN ,S ,4,1376,1
CARAVAN ,S ,5,1377,1
CARAVAN ,S ,6,1378,1
CARAVAN ,S ,7,1379,1
CARAVAN ,D ,0,1380,11
TORNADO ,M ,0,1391,8
CANNON  ,M ,0,1399,3
CANNON  ,M ,1,1402,3
CANNON  ,M ,2,1405,3
CANNON  ,M ,3,1408,3
CANNON  ,M ,4,1411,3
CANNON  ,M ,5,1414,3
CANNON  ,M ,6,1417,3
CANNON  ,M ,7,1420,3
CANNON  ,A1,0,1423,4
CANNON  ,A1,1,1427,4
CANNON  ,A1,2,1431,4
CANNON  ,A1,3,1435,4
CANNON  ,A1,4,1439,4
CANNON  ,A1,5,1443,4
CANNON  ,A1,6,1447,4
CANNON  ,A1,7,1451,4
CANNON  ,D ,0,1455,15
CATAPULT,M ,0,1470,3
CATAPULT,M ,1,1473,3
CATAPULT,M ,2,1476,3
CATAPULT,M ,3,1479,3
CATAPULT,M ,4,1482,3
CATAPULT,M ,5,1485,3
CATAPULT,M ,6,1488,3
CATAPULT,M ,7,1491,3
CATAPULT,A1,0,1494,16
CATAPULT,A1,1,1510,16
CATAPULT,A1,2,1526,16
CATAPULT,A1,3,1542,16
CATAPULT,A1,4,1558,16
CATAPULT,A1,5,1574,16
CATAPULT,A1,6,1590,16
CATAPULT,A1,7,1606,16
CATAPULT,D ,0,1622,10
CARAVEL ,M ,0,1632,1
CARAVEL ,M ,8,1633,1
CARAVEL ,M ,1,1634,1
CARAVEL ,M ,9,1635,1
CARAVEL ,M ,2,1636,1
CARAVEL ,M ,10,1637,1
CARAVEL ,M ,3,1638,1
CARAVEL ,M ,11,1639,1
CARAVEL ,M ,4,1640,1
CARAVEL ,M ,12,1641,1
CARAVEL ,M ,5,1642,1
CARAVEL ,M ,13,1643,1
CARAVEL ,M ,6,1644,1
CARAVEL ,M ,14,1645,1
CARAVEL ,M ,7,1646,1
CARAVEL ,M ,15,1647,1
CARAVEL ,A1,0,1648,4
CARAVEL ,A1,1,1652,4
CARAVEL ,A1,2,1656,4
CARAVEL ,A1,3,1660,4
CARAVEL ,A1,4,1664,4
CARAVEL ,A1,5,1668,4
CARAVEL ,A1,6,1672,4
CARAVEL ,A1,7,1676,4
CARAVEL ,D ,0,1680,9
CARAVE_S,M ,0,1689,3
CARAVE_S,M ,8,1692,3
CARAVE_S,M ,1,1695,3
CARAVE_S,M ,9,1698,3
CARAVE_S,M ,2,1701,3
CARAVE_S,M ,10,1704,3
CARAVE_S,M ,3,1707,3
CARAVE_S,M ,11,1710,3
CARAVE_S,M ,4,1713,3
CARAVE_S,M ,12,1716,3
CARAVE_S,M ,5,1719,3
CARAVE_S,M ,13,1722,3
CARAVE_S,M ,6,1725,3
CARAVE_S,M ,14,1728,3
CARAVE_S,M ,7,1731,3
CARAVE_S,M ,15,1734,3
CARAVE_S,S ,0,1737,12
CARAVE_S,S ,8,1749,12
CARAVE_S,S ,1,1761,12
CARAVE_S,S ,9,1773,12
CARAVE_S,S ,2,1785,12
CARAVE_S,S ,10,1797,12
CARAVE_S,S ,3,1809,12
CARAVE_S,S ,11,1821,12
CARAVE_S,S ,4,1833,12
CARAVE_S,S ,12,1845,12
CARAVE_S,S ,5,1857,12
CARAVE_S,S ,13,1869,12
CARAVE_S,S ,6,1881,12
CARAVE_S,S ,14,1893,12
CARAVE_S,S ,7,1905,12
CARAVE_S,S ,15,1917,12
CANBALL ,M ,0,1929,1
CANBALL ,M ,1,1930,1
CANBALL ,M ,2,1931,1
CANBALL ,M ,3,1932,1
CANBALL ,M ,4,1933,1
CANBALL ,M ,5,1934,1
CANBALL ,M ,6,1935,1
CANBALL ,M ,7,1936,1
CANBALL ,M ,8,1937,1
CANBALL ,M ,9,1938,1
CANBALL ,M ,10,1939,1
CANBALL ,M ,11,1940,1
CANBALL ,M ,12,1941,1
CANBALL ,M ,13,1942,1
CANBALL ,M ,14,1943,1
CANBALL ,M ,15,1944,1
CANBALL ,M ,16,1945,1
CANBALL ,M ,17,1946,1
CANBALL ,M ,18,1947,1
CANBALL ,M ,19,1948,1
CANBALL ,M ,20,1949,1
CANBALL ,M ,21,1950,1
CANBALL ,M ,22,1951,1
CANBALL ,M ,23,1952,1
CANBALL ,D ,0,1953,8
CANBALLA,M ,0,1961,1
CANBALLA,M ,1,1962,1
CANBALLA,M ,2,1963,1
CANBALLA,M ,3,1964,1
CANBALLA,M ,4,1965,1
CANBALLA,M ,5,1966,1
CANBALLA,M ,6,1967,1
CANBALLA,M ,7,1968,1
CANBALLA,M ,8,1969,1
CANBALLA,M ,9,1970,1
CANBALLA,M ,10,1971,1
CANBALLA,M ,11,1972,1
CANBALLA,M ,12,1973,1
CANBALLA,M ,13,1974,1
CANBALLA,M ,14,1975,1
CANBALLA,M ,15,1976,1
CANBALLA,M ,16,1977,1
CANBALLA,M ,17,1978,1
CANBALLA,M ,18,1979,1
CANBALLA,M ,19,1980,1
CANBALLA,M ,20,1981,1
CANBALLA,M ,21,1982,1
CANBALLA,M ,22,1983,1
CANBALLA,M ,23,1984,1
CANBALLS,M ,0,1985,1
CANBALLS,M ,1,1986,1
CANBALLS,M ,2,1987,1
CANBALLS,M ,3,1988,1
CANBALLS,M ,4,1989,1
CANBALLS,M ,5,1990,1
CANBALLS,M ,6,1991,1
CANBALLS,M ,7,1992,1
CANBALLS,M ,8,1993,1
CANBALLS,M ,9,1994,1
CANBALLS,M ,10,1995,1
CANBALLS,M ,11,1996,1
CANBALLS,M ,12,1997,1
CANBALLS,M ,13,1998,1
CANBALLS,M ,14,1999,1
CANBALLS,M ,15,2000,1
CANBALLS,M ,16,2001,1
CANBALLS,M ,17,2002,1
CANBALLS,M ,18,2003,1
CANBALLS,M ,19,2004,1
CANBALLS,M ,20,2005,1
CANBALLS,M ,21,2006,1
CANBALLS,M ,22,2007,1
CANBALLS,M ,23,2008,1
GALLEON ,M ,0,2009,1
GALLEON ,M ,8,2010,1
GALLEON ,M ,1,2011,1
GALLEON ,M ,9,2012,1
GALLEON ,M ,2,2013,1
GALLEON ,M ,10,2014,1
GALLEON ,M ,3,2015,1
GALLEON ,M ,11,2016,1
GALLEON ,M ,4,2017,1
GALLEON ,M ,12,2018,1
GALLEON ,M ,5,2019,1
GALLEON ,M ,13,2020,1
GALLEON ,M ,6,2021,1
GALLEON ,M ,14,2022,1
GALLEON ,M ,7,2023,1
GALLEON ,M ,15,2024,1
GALLEON ,A1,0,2025,4
GALLEON ,A1,1,2029,4
GALLEON ,A1,2,2033,4
GALLEON ,A1,3,2037,4
GALLEON ,A1,4,2041,4
GALLEON ,A1,5,2045,4
GALLEON ,A1,6,2049,4
GALLEON ,A1,7,2053,4
GALLEON ,D ,0,2057,9
GALLEO_S,M ,0,2066,3
GALLEO_S,M ,8,2069,3
GALLEO_S,M ,1,2072,3
GALLEO_S,M ,9,2075,3
GALLEO_S,M ,2,2078,3
GALLEO_S,M ,10,2081,3
GALLEO_S,M ,3,2084,3
GALLEO_S,M ,11,2087,3
GALLEO_S,M ,4,2090,3
GALLEO_S,M ,12,2093,3
GALLEO_S,M ,5,2096,3
GALLEO_S,M ,13,2099,3
GALLEO_S,M ,6,2102,3
GALLEO_S,M ,14,2105,3
GALLEO_S,M ,7,2108,3
GALLEO_S,M ,15,2111,3
GALLEO_S,S ,0,2114,12
GALLEO_S,S ,8,2126,12
GALLEO_S,S ,1,2138,12
GALLEO_S,S ,9,2150,12
GALLEO_S,S ,2,2162,12
GALLEO_S,S ,10,2174,12
GALLEO_S,S ,3,2186,12
GALLEO_S,S ,11,2198,12
GALLEO_S,S ,4,2210,12
GALLEO_S,S ,12,2222,12
GALLEO_S,S ,5,2234,12
GALLEO_S,S ,13,2246,12
GALLEO_S,S ,6,2258,12
GALLEO_S,S ,14,2270,12
GALLEO_S,S ,7,2282,12
GALLEO_S,S ,15,2294,12
VESSEL  ,M ,0,2306,1
VESSEL  ,M ,8,2307,1
VESSEL  ,M ,1,2308,1
VESSEL  ,M ,9,2309,1
VESSEL  ,M ,2,2310,1
VESSEL  ,M ,10,2311,1
VESSEL  ,M ,3,2312,1
VESSEL  ,M ,11,2313,1
VESSEL  ,M ,4,2314,1
VESSEL  ,M ,12,2315,1
VESSEL  ,M ,5,2316,1
VESSEL  ,M ,13,2317,1
VESSEL  ,M ,6,2318,1
VESSEL  ,M ,14,2319,1
VESSEL  ,M ,7,2320,1
VESSEL  ,M ,15,2321,1
VESSEL  ,A1,0,2322,4
VESSEL  ,A1,1,2326,4
VESSEL  ,A1,2,2330,4
VESSEL  ,A1,3,2334,4
VESSEL  ,A1,4,2338,4
VESSEL  ,A1,5,2342,4
VESSEL  ,A1,6,2346,4
VESSEL  ,A1,7,2350,4
VESSEL  ,D ,0,2354,9
VESSEL_S,M ,0,2363,3
VESSEL_S,M ,8,2366,3
VESSEL_S,M ,1,2369,3
VESSEL_S,M ,9,2372,3
VESSEL_S,M ,2,2375,3
VESSEL_S,M ,10,2378,3
VESSEL_S,M ,3,2381,3
VESSEL_S,M ,11,2384,3
VESSEL_S,M ,4,2387,3
VESSEL_S,M ,12,2390,3
VESSEL_S,M ,5,2393,3
VESSEL_S,M ,13,2396,3
VESSEL_S,M ,6,2399,3
VESSEL_S,M ,14,2402,3
VESSEL_S,M ,7,2405,3
VESSEL_S,M ,15,2408,3
VESSEL_S,S ,0,2411,12
VESSEL_S,S ,8,2423,12
VESSEL_S,S ,1,2435,12
VESSEL_S,S ,9,2447,12
VESSEL_S,S ,2,2459,12
VESSEL_S,S ,10,2471,12
VESSEL_S,S ,3,2483,12
VESSEL_S,S ,11,2495,12
VESSEL_S,S ,4,2507,12
VESSEL_S,S ,12,2519,12
VESSEL_S,S ,5,2531,12
VESSEL_S,S ,13,2543,12
VESSEL_S,S ,6,2555,12
VESSEL_S,S ,14,2567,12
VESSEL_S,S ,7,2579,12
VESSEL_S,S ,15,2591,12
TRANSPOR,M ,0,2603,1
TRANSPOR,M ,8,2604,1
TRANSPOR,M ,1,2605,1
TRANSPOR,M ,9,2606,1
TRANSPOR,M ,2,2607,1
TRANSPOR,M ,10,2608,1
TRANSPOR,M ,3,2609,1
TRANSPOR,M ,11,2610,1
TRANSPOR,M ,4,2611,1
TRANSPOR,M ,12,2612,1
TRANSPOR,M ,5,2613,1
TRANSPOR,M ,13,2614,1
TRANSPOR,M ,6,2615,1
TRANSPOR,M ,14,2616,1
TRANSPOR,M ,7,2617,1
TRANSPOR,M ,15,2618,1
TRANSPOR,A1,0,2619,4
TRANSPOR,A1,1,2623,4
TRANSPOR,A1,2,2627,4
TRANSPOR,A1,3,2631,4
TRANSPOR,A1,4,2635,4
TRANSPOR,A1,5,2639,4
TRANSPOR,A1,6,2643,4
TRANSPOR,A1,7,2647,4
TRANSPOR,D ,0,2651,9
TRANSP_S,M ,0,2660,3
TRANSP_S,M ,8,2663,3
TRANSP_S,M ,1,2666,3
TRANSP_S,M ,9,2669,3
TRANSP_S,M ,2,2672,3
TRANSP_S,M ,10,2675,3
TRANSP_S,M ,3,2678,3
TRANSP_S,M ,11,2681,3
TRANSP_S,M ,4,2684,3
TRANSP_S,M ,12,2687,3
TRANSP_S,M ,5,2690,3
TRANSP_S,M ,13,2693,3
TRANSP_S,M ,6,2696,3
TRANSP_S,M ,14,2699,3
TRANSP_S,M ,7,2702,3
TRANSP_S,M ,15,2705,3
TRANSP_S,S ,0,2708,12
TRANSP_S,S ,8,2720,12
TRANSP_S,S ,1,2732,12
TRANSP_S,S ,9,2744,12
TRANSP_S,S ,2,2756,12
TRANSP_S,S ,10,2768,12
TRANSP_S,S ,3,2780,12
TRANSP_S,S ,11,2792,12
TRANSP_S,S ,4,2804,12
TRANSP_S,S ,12,2816,12
TRANSP_S,S ,5,2828,12
TRANSP_S,S ,13,2840,12
TRANSP_S,S ,6,2852,12
TRANSP_S,S ,14,2864,12
TRANSP_S,S ,7,2876,12
TRANSP_S,S ,15,2888,12
EXPCART ,M ,0,2900,3
EXPCART ,M ,1,2903,3
EXPCART ,M ,2,2906,3
EXPCART ,M ,3,2909,3
EXPCART ,M ,4,2912,3
EXPCART ,M ,5,2915,3
EXPCART ,M ,6,2918,3
EXPCART ,M ,7,2921,3
EXPCART ,D ,0,2924,16
BALLISTA,M ,0,2940,3
BALLISTA,M ,1,2943,3
BALLISTA,M ,2,2946,3
BALLISTA,M ,3,2949,3
BALLISTA,M ,4,2952,3
BALLISTA,M ,5,2955,3
BALLISTA,M ,6,2958,3
BALLISTA,M ,7,2961,3
BALLISTA,A1,0,2964,6
BALLISTA,A1,1,2970,6
BALLISTA,A1,2,2976,6
BALLISTA,A1,3,2982,6
BALLISTA,A1,4,2988,6
BALLISTA,A1,5,2994,6
BALLISTA,A1,6,3000,6
BALLISTA,A1,7,3006,6
BALLISTA,A2,0,3012,6
BALLISTA,A2,1,3018,6
BALLISTA,A2,2,3024,6
BALLISTA,A2,3,3030,6
BALLISTA,A2,4,3036,6
BALLISTA,A2,5,3042,6
BALLISTA,A2,6,3048,6
BALLISTA,A2,7,3054,6
BALLISTA,D ,0,3060,10
CATSTONE,M ,0,3070,1
CATSTONE,M ,1,3071,1
CATSTONE,M ,2,3072,1
CATSTONE,M ,3,3073,1
CATSTONE,M ,4,3074,1
CATSTONE,M ,5,3075,1
CATSTONE,M ,6,3076,1
CATSTONE,M ,7,3077,1
CATSTONE,M ,8,3078,1
CATSTONE,M ,9,3079,1
CATSTONE,M ,10,3080,1
CATSTONE,M ,11,3081,1
CATSTONE,M ,12,3082,1
CATSTONE,M ,13,3083,1
CATSTONE,M ,14,3084,1
CATSTONE,M ,15,3085,1
CATSTONE,M ,16,3086,1
CATSTONE,M ,17,3087,1
CATSTONE,M ,18,3088,1
CATSTONE,M ,19,3089,1
CATSTONE,M ,20,3090,1
CATSTONE,M ,21,3091,1
CATSTONE,M ,22,3092,1
CATSTONE,M ,23,3093,1
CATSTONE,D ,0,3094,7
CATSTONA,M ,0,3101,1
CATSTONA,M ,1,3102,1
CATSTONA,M ,2,3103,1
CATSTONA,M ,3,3104,1
CATSTONA,M ,4,3105,1
CATSTONA,M ,5,3106,1
CATSTONA,M ,6,3107,1
CATSTONA,M ,7,3108,1
CATSTONA,M ,8,3109,1
CATSTONA,M ,9,3110,1
CATSTONA,M ,10,3111,1
CATSTONA,M ,11,3112,1
CATSTONA,M ,12,3113,1
CATSTONA,M ,13,3114,1
CATSTONA,M ,14,3115,1
CATSTONA,M ,15,3116,1
CATSTONA,M ,16,3117,1
CATSTONA,M ,17,3118,1
CATSTONA,M ,18,3119,1
CATSTONA,M ,19,3120,1
CATSTONA,M ,20,3121,1
CATSTONA,M ,21,3122,1
CATSTONA,M ,22,3123,1
CATSTONA,M ,23,3124,1
CATSTONS,M ,0,3125,1
CATSTONS,M ,1,3126,1
CATSTONS,M ,2,3127,1
CATSTONS,M ,3,3128,1
CATSTONS,M ,4,3129,1
CATSTONS,M ,5,3130,1
CATSTONS,M ,6,3131,1
CATSTONS,M ,7,3132,1
CATSTONS,M ,8,3133,1
CATSTONS,M ,9,3134,1
CATSTONS,M ,10,3135,1
CATSTONS,M ,11,3136,1
CATSTONS,M ,12,3137,1
CATSTONS,M ,13,3138,1
CATSTONS,M ,14,3139,1
CATSTONS,M ,15,3140,1
CATSTONS,M ,16,3141,1
CATSTONS,M ,17,3142,1
CATSTONS,M ,18,3143,1
CATSTONS,M ,19,3144,1
CATSTONS,M ,20,3145,1
CATSTONS,M ,21,3146,1
CATSTONS,M ,22,3147,1
CATSTONS,M ,23,3148,1
TC_ARR00,M ,0,3149,1
TC_ARR00,M ,1,3150,1
TC_ARR00,M ,2,3151,1
TC_ARR00,M ,3,3152,1
TC_ARR00,M ,4,3153,1
TC_ARR00,M ,5,3154,1
TC_ARR00,M ,6,3155,1
TC_ARR00,M ,7,3156,1
TC_ARR00,M ,8,3157,1
TC_ARR00,M ,9,3158,1
TC_ARR00,M ,10,3159,1
TC_ARR00,M ,11,3160,1
TC_ARR00,M ,12,3161,1
TC_ARR00,M ,13,3162,1
TC_ARR00,M ,14,3163,1
TC_ARR00,M ,15,3164,1
TC_ARR00,M ,16,3165,1
TC_ARR00,M ,17,3166,1
TC_ARR00,M ,18,3167,1
TC_ARR00,M ,19,3168,1
TC_ARR00,M ,20,3169,1
TC_ARR00,M ,21,3170,1
TC_ARR00,M ,22,3171,1
TC_ARR00,M ,23,3172,1
TC_ARRA0,M ,0,3173,1
TC_ARRA0,M ,1,3174,1
TC_ARRA0,M ,2,3175,1
TC_ARRA0,M ,3,3176,1
TC_ARRA0,M ,4,3177,1
TC_ARRA0,M ,5,3178,1
TC_ARRA0,M ,6,3179,1
TC_ARRA0,M ,7,3180,1
TC_ARRA0,M ,8,3181,1
TC_ARRA0,M ,9,3182,1
TC_ARRA0,M ,10,3183,1
TC_ARRA0,M ,11,3184,1
TC_ARRA0,M ,12,3185,1
TC_ARRA0,M ,13,3186,1
TC_ARRA0,M ,14,3187,1
TC_ARRA0,M ,15,3188,1
TC_ARRA0,M ,16,3189,1
TC_ARRA0,M ,17,3190,1
TC_ARRA0,M ,18,3191,1
TC_ARRA0,M ,19,3192,1
TC_ARRA0,M ,20,3193,1
TC_ARRA0,M ,21,3194,1
TC_ARRA0,M ,22,3195,1
TC_ARRA0,M ,23,3196,1
TC_ARRS0,M ,0,3197,1
TC_ARRS0,M ,1,3198,1
TC_ARRS0,M ,2,3199,1
TC_ARRS0,M ,3,3200,1
TC_ARRS0,M ,4,3201,1
TC_ARRS0,M ,5,3202,1
TC_ARRS0,M ,6,3203,1
TC_ARRS0,M ,7,3204,1
TC_ARRS0,M ,8,3205,1
TC_ARRS0,M ,9,3206,1
TC_ARRS0,M ,10,3207,1
TC_ARRS0,M ,11,3208,1
TC_ARRS0,M ,12,3209,1
TC_ARRS0,M ,13,3210,1
TC_ARRS0,M ,14,3211,1
TC_ARRS0,M ,15,3212,1
TC_ARRS0,M ,16,3213,1
TC_ARRS0,M ,17,3214,1
TC_ARRS0,M ,18,3215,1
TC_ARRS0,M ,19,3216,1
TC_ARRS0,M ,20,3217,1
TC_ARRS0,M ,21,3218,1
TC_ARRS0,M ,22,3219,1
TC_ARRS0,M ,23,3220,1
TC_ARR01,M ,0,3221,1
TC_ARR01,M ,1,3222,1
TC_ARR01,M ,2,3223,1
TC_ARR01,M ,3,3224,1
TC_ARR01,M ,4,3225,1
TC_ARR01,M ,5,3226,1
TC_ARR01,M ,6,3227,1
TC_ARR01,M ,7,3228,1
TC_ARR01,M ,8,3229,1
TC_ARR01,M ,9,3230,1
TC_ARR01,M ,10,3231,1
TC_ARR01,M ,11,3232,1
TC_ARR01,M ,12,3233,1
TC_ARR01,M ,13,3234,1
TC_ARR01,M ,14,3235,1
TC_ARR01,M ,15,3236,1
TC_ARR01,M ,16,3237,1
TC_ARR01,M ,17,3238,1
TC_ARR01,M ,18,3239,1
TC_ARR01,M ,19,3240,1
TC_ARR01,M ,20,3241,1
TC_ARR01,M ,21,3242,1
TC_ARR01,M ,22,3243,1
TC_ARR01,M ,23,3244,1
TC_ARRA1,M ,0,3245,1
TC_ARRA1,M ,1,3246,1
TC_ARRA1,M ,2,3247,1
TC_ARRA1,M ,3,3248,1
TC_ARRA1,M ,4,3249,1
TC_ARRA1,M ,5,3250,1
TC_ARRA1,M ,6,3251,1
TC_ARRA1,M ,7,3252,1
TC_ARRA1,M ,8,3253,1
TC_ARRA1,M ,9,3254,1
TC_ARRA1,M ,10,3255,1
TC_ARRA1,M ,11,3256,1
TC_ARRA1,M ,12,3257,1
TC_ARRA1,M ,13,3258,1
TC_ARRA1,M ,14,3259,1
TC_ARRA1,M ,15,3260,1
TC_ARRA1,M ,16,3261,1
TC_ARRA1,M ,17,3262,1
TC_ARRA1,M ,18,3263,1
TC_ARRA1,M ,19,3264,1
TC_ARRA1,M ,20,3265,1
TC_ARRA1,M ,21,3266,1
TC_ARRA1,M ,22,3267,1
TC_ARRA1,M ,23,3268,1
TC_ARRS1,M ,0,3269,1
TC_ARRS1,M ,1,3270,1
TC_ARRS1,M ,2,3271,1
TC_ARRS1,M ,3,3272,1
TC_ARRS1,M ,4,3273,1
TC_ARRS1,M ,5,3274,1
TC_ARRS1,M ,6,3275,1
TC_ARRS1,M ,7,3276,1
TC_ARRS1,M ,8,3277,1
TC_ARRS1,M ,9,3278,1
TC_ARRS1,M ,10,3279,1
TC_ARRS1,M ,11,3280,1
TC_ARRS1,M ,12,3281,1
TC_ARRS1,M ,13,3282,1
TC_ARRS1,M ,14,3283,1
TC_ARRS1,M ,15,3284,1
TC_ARRS1,M ,16,3285,1
TC_ARRS1,M ,17,3286,1
TC_ARRS1,M ,18,3287,1
TC_ARRS1,M ,19,3288,1
TC_ARRS1,M ,20,3289,1
TC_ARRS1,M ,21,3290,1
TC_ARRS1,M ,22,3291,1
TC_ARRS1,M ,23,3292,1
TC_ARR02,M ,0,3293,1
TC_ARR02,M ,1,3294,1
TC_ARR02,M ,2,3295,1
TC_ARR02,M ,3,3296,1
TC_ARR02,M ,4,3297,1
TC_ARR02,M ,5,3298,1
TC_ARR02,M ,6,3299,1
TC_ARR02,M ,7,3300,1
TC_ARR02,M ,8,3301,1
TC_ARR02,M ,9,3302,1
TC_ARR02,M ,10,3303,1
TC_ARR02,M ,11,3304,1
TC_ARR02,M ,12,3305,1
TC_ARR02,M ,13,3306,1
TC_ARR02,M ,14,3307,1
TC_ARR02,M ,15,3308,1
TC_ARR02,M ,16,3309,1
TC_ARR02,M ,17,3310,1
TC_ARR02,M ,18,3311,1
TC_ARR02,M ,19,3312,1
TC_ARR02,M ,20,3313,1
TC_ARR02,M ,21,3314,1
TC_ARR02,M ,22,3315,1
TC_ARR02,M ,23,3316,1
TC_ARRA2,M ,0,3317,1
TC_ARRA2,M ,1,3318,1
TC_ARRA2,M ,2,3319,1
TC_ARRA2,M ,3,3320,1
TC_ARRA2,M ,4,3321,1
TC_ARRA2,M ,5,3322,1
TC_ARRA2,M ,6,3323,1
TC_ARRA2,M ,7,3324,1
TC_ARRA2,M ,8,3325,1
TC_ARRA2,M ,9,3326,1
TC_ARRA2,M ,10,3327,1
TC_ARRA2,M ,11,3328,1
TC_ARRA2,M ,12,3329,1
TC_ARRA2,M ,13,3330,1
TC_ARRA2,M ,14,3331,1
TC_ARRA2,M ,15,3332,1
TC_ARRA2,M ,16,3333,1
TC_ARRA2,M ,17,3334,1
TC_ARRA2,M ,18,3335,1
TC_ARRA2,M ,19,3336,1
TC_ARRA2,M ,20,3337,1
TC_ARRA2,M ,21,3338,1
TC_ARRA2,M ,22,3339,1
TC_ARRA2,M ,23,3340,1
TC_ARRS2,M ,0,3341,1
TC_ARRS2,M ,1,3342,1
TC_ARRS2,M ,2,3343,1
TC_ARRS2,M ,3,3344,1
TC_ARRS2,M ,4,3345,1
TC_ARRS2,M ,5,3346,1
TC_ARRS2,M ,6,3347,1
TC_ARRS2,M ,7,3348,1
TC_ARRS2,M ,8,3349,1
TC_ARRS2,M ,9,3350,1
TC_ARRS2,M ,10,3351,1
TC_ARRS2,M ,11,3352,1
TC_ARRS2,M ,12,3353,1
TC_ARRS2,M ,13,3354,1
TC_ARRS2,M ,14,3355,1
TC_ARRS2,M ,15,3356,1
TC_ARRS2,M ,16,3357,1
TC_ARRS2,M ,17,3358,1
TC_ARRS2,M ,18,3359,1
TC_ARRS2,M ,19,3360,1
TC_ARRS2,M ,20,3361,1
TC_ARRS2,M ,21,3362,1
TC_ARRS2,M ,22,3363,1
TC_ARRS2,M ,23,3364,1
FLAMETHR,M ,0,3365,3
FLAMETHR,M ,1,3368,3
FLAMETHR,M ,2,3371,3
FLAMETHR,M ,3,3374,3
FLAMETHR,M ,4,3377,3
FLAMETHR,M ,5,3380,3
FLAMETHR,M ,6,3383,3
FLAMETHR,M ,7,3386,3
FLAMETHR,A1,0,3389,3
FLAMETHR,A1,1,3392,3
FLAMETHR,A1,2,3395,3
FLAMETHR,A1,3,3398,3
FLAMETHR,A1,4,3401,3
FLAMETHR,A1,5,3404,3
FLAMETHR,A1,6,3407,3
FLAMETHR,A1,7,3410,3
FLAMETHR,D ,0,3413,10
FL_ARROW,M ,0,3423,1
FL_ARROW,M ,1,3424,1
FL_ARROW,M ,2,3425,1
FL_ARROW,M ,3,3426,1
FL_ARROW,M ,4,3427,1
FL_ARROW,M ,5,3428,1
FL_ARROW,M ,6,3429,1
FL_ARROW,M ,7,3430,1
FL_ARROW,S ,0,3431,12
FL_ARROW,S ,1,3443,12
FL_ARROW,S ,2,3455,12
FL_ARROW,S ,3,3467,12
FL_ARROW,S ,4,3479,12
FL_ARROW,S ,5,3491,12
FL_ARROW,S ,6,3503,12
FL_ARROW,S ,7,3515,12
PE_POWAR,M ,0,3527,1
PE_POWAR,M ,1,3528,1
PE_POWAR,M ,2,3529,1
PE_POWAR,M ,3,3530,1
PE_POWAR,M ,4,3531,1
PE_POWAR,M ,5,3532,1
PE_POWAR,M ,6,3533,1
PE_POWAR,M ,7,3534,1
HITSPARK,S ,0,3535,5
HITSPARK,S ,1,3540,5
HITSPARK,S ,2,3545,5
HITSPARK,S ,3,3550,5
HITSPARK,S ,4,3555,5
HITSPARK,S ,5,3560,5
HITSPARK,S ,6,3565,5
HITSPARK,S ,7,3570,5
HITSPAR2,S ,0,3575,6
CATFIRE ,M ,0,3581,2
CATFIRE ,M ,1,3583,2
CATFIRE ,M ,2,3585,2
CATFIRE ,M ,3,3587,2
CATFIRE ,M ,4,3589,2
CATFIRE ,M ,5,3591,2
CATFIRE ,M ,6,3593,2
CATFIRE ,M ,7,3595,2
CATFIRE ,M ,8,3597,2
CATFIRE ,M ,9,3599,2
CATFIRE ,M ,10,3601,2
CATFIRE ,M ,11,3603,2
CATFIRE ,M ,12,3605,2
CATFIRE ,M ,13,3607,2
CATFIRE ,M ,14,3609,2
CATFIRE ,M ,15,3611,2
CATFIRE ,M ,16,3613,2
CATFIRE ,M ,17,3615,2
CATFIRE ,M ,18,3617,2
CATFIRE ,M ,19,3619,2
CATFIRE ,M ,20,3621,2
CATFIRE ,M ,21,3623,2
CATFIRE ,M ,22,3625,2
CATFIRE ,M ,23,3627,2
CATFIRE ,D ,0,3629,8
CATFIREA,M ,0,3637,2
CATFIREA,M ,1,3639,2
CATFIREA,M ,2,3641,2
CATFIREA,M ,3,3643,2
CATFIREA,M ,4,3645,2
CATFIREA,M ,5,3647,2
CATFIREA,M ,6,3649,2
CATFIREA,M ,7,3651,2
CATFIREA,M ,8,3653,2
CATFIREA,M ,9,3655,2
CATFIREA,M ,10,3657,2
CATFIREA,M ,11,3659,2
CATFIREA,M ,12,3661,2
CATFIREA,M ,13,3663,2
CATFIREA,M ,14,3665,2
CATFIREA,M ,15,3667,2
CATFIREA,M ,16,3669,2
CATFIREA,M ,17,3671,2
CATFIREA,M ,18,3673,2
CATFIREA,M ,19,3675,2
CATFIREA,M ,20,3677,2
CATFIREA,M ,21,3679,2
CATFIREA,M ,22,3681,2
CATFIREA,M ,23,3683,2
CATFIRES,M ,0,3685,2
CATFIRES,M ,1,3687,2
CATFIRES,M ,2,3689,2
CATFIRES,M ,3,3691,2
CATFIRES,M ,4,3693,2
CATFIRES,M ,5,3695,2
CATFIRES,M ,6,3697,2
CATFIRES,M ,7,3699,2
CATFIRES,M ,8,3701,2
CATFIRES,M ,9,3703,2
CATFIRES,M ,10,3705,2
CATFIRES,M ,11,3707,2
CATFIRES,M ,12,3709,2
CATFIRES,M ,13,3711,2
CATFIRES,M ,14,3713,2
CATFIRES,M ,15,3715,2
CATFIRES,M ,16,3717,2
CATFIRES,M ,17,3719,2
CATFIRES,M ,18,3721,2
CATFIRES,M ,19,3723,2
CATFIRES,M ,20,3725,2
CATFIRES,M ,21,3727,2
CATFIRES,M ,22,3729,2
CATFIRES,M ,23,3731,2
SKELETON,M ,0,3733,6
SKELETON,M ,1,3739,6
SKELETON,M ,2,3745,6
SKELETON,M ,3,3751,6
SKELETON,M ,4,3757,6
SKELETON,M ,5,3763,6
SKELETON,M ,6,3769,6
SKELETON,M ,7,3775,6
SKELETON,A1,0,3781,7
SKELETON,A1,1,3788,7
SKELETON,A1,2,3795,7
SKELETON,A1,3,3802,7
SKELETON,A1,4,3809,7
SKELETON,A1,5,3816,7
SKELETON,A1,6,3823,7
SKELETON,A1,7,3830,7
SKELETON,D ,0,3837,11
DRAGON  ,M ,0,3848,8
DRAGON  ,M ,1,3856,8
DRAGON  ,M ,2,3864,8
DRAGON  ,M ,3,3872,8
DRAGON  ,M ,4,3880,8
DRAGON  ,M ,5,3888,8
DRAGON  ,M ,6,3896,8
DRAGON  ,M ,7,3904,8
DRAGON  ,S ,0,3912,8
DRAGON  ,S ,1,3920,8
DRAGON  ,S ,2,3928,8
DRAGON  ,S ,3,3936,8
DRAGON  ,S ,4,3944,8
DRAGON  ,S ,5,3952,8
DRAGON  ,S ,6,3960,8
DRAGON  ,S ,7,3968,8
DRAGON  ,A1,0,3976,6
DRAGON  ,A1,1,3982,6
DRAGON  ,A1,2,3988,6
DRAGON  ,A1,3,3994,6
DRAGON  ,A1,4,4000,6
DRAGON  ,A1,5,4006,6
DRAGON  ,A1,6,4012,6
DRAGON  ,A1,7,4018,6
DRAGON  ,D ,0,4024,16
DR_ARROW,M ,0,4040,5
DR_ARROW,M ,1,4045,5
DR_ARROW,M ,2,4050,5
DR_ARROW,M ,3,4055,5
DR_ARROW,M ,4,4060,5
DR_ARROW,M ,5,4065,5
DR_ARROW,M ,6,4070,5
DR_ARROW,M ,7,4075,5
CHDRAGON,M ,0,4080,8
CHDRAGON,M ,1,4088,8
CHDRAGON,M ,2,4096,8
CHDRAGON,M ,3,4104,8
CHDRAGON,M ,4,4112,8
CHDRAGON,M ,5,4120,8
CHDRAGON,M ,6,4128,8
CHDRAGON,M ,7,4136,8
CHDRAGON,S ,0,4144,8
CHDRAGON,S ,1,4152,8
CHDRAGON,S ,2,4160,8
CHDRAGON,S ,3,4168,8
CHDRAGON,S ,4,4176,8
CHDRAGON,S ,5,4184,8
CHDRAGON,S ,6,4192,8
CHDRAGON,S ,7,4200,8
CHDRAGON,A1,0,4208,6
CHDRAGON,A1,1,4214,6
CHDRAGON,A1,2,4220,6
CHDRAGON,A1,3,4226,6
CHDRAGON,A1,4,4232,6
CHDRAGON,A1,5,4238,6
CHDRAGON,A1,6,4244,6
CHDRAGON,A1,7,4250,6
CHDRAGON,A2,0,4256,3
CHDRAGON,A2,1,4259,3
CHDRAGON,A2,2,4262,3
CHDRAGON,A2,3,4265,3
CHDRAGON,A2,4,4268,3
CHDRAGON,A2,5,4271,3
CHDRAGON,A2,6,4274,3
CHDRAGON,A2,7,4277,3
CHDRAGON,A3,0,4280,3
CHDRAGON,A3,1,4283,3
CHDRAGON,A3,2,4286,3
CHDRAGON,A3,3,4289,3
CHDRAGON,A3,4,4292,3
CHDRAGON,A3,5,4295,3
CHDRAGON,A3,6,4298,3
CHDRAGON,A3,7,4301,3
CHDRAGON,D ,0,4304,16
GC_ARROW,M ,0,4320,5
GC_ARROW,M ,1,4325,5
GC_ARROW,M ,2,4330,5
GC_ARROW,M ,3,4335,5
GC_ARROW,M ,4,4340,5
GC_ARROW,M ,5,4345,5
GC_ARROW,M ,6,4350,5
GC_ARROW,M ,7,4355,5
PEHEALER,M ,0,4360,8
PEHEALER,M ,1,4368,8
PEHEALER,M ,2,4376,8
PEHEALER,M ,3,4384,8
PEHEALER,M ,4,4392,8
PEHEALER,M ,5,4400,8
PEHEALER,M ,6,4408,8
PEHEALER,M ,7,4416,8
PEHEALER,S ,0,4424,8
PEHEALER,S ,1,4432,8
PEHEALER,S ,2,4440,8
PEHEALER,S ,3,4448,8
PEHEALER,S ,4,4456,8
PEHEALER,S ,5,4464,8
PEHEALER,S ,6,4472,8
PEHEALER,S ,7,4480,8
PEHEALER,A1,0,4488,11
PEHEALER,A1,1,4499,11
PEHEALER,A1,2,4510,11
PEHEALER,A1,3,4521,11
PEHEALER,A1,4,4532,11
PEHEALER,A1,5,4543,11
PEHEALER,A1,6,4554,11
PEHEALER,A1,7,4565,11
PEHEALER,D ,0,4576,16
GP_STAR ,S ,0,4592,15
VI_GOD  ,M ,0,4607,8
VI_GOD  ,M ,1,4615,8
VI_GOD  ,M ,2,4623,8
VI_GOD  ,M ,3,4631,8
VI_GOD  ,M ,4,4639,8
VI_GOD  ,M ,5,4647,8
VI_GOD  ,M ,6,4655,8
VI_GOD  ,M ,7,4663,8
VI_GOD  ,S ,0,4671,8
VI_GOD  ,S ,1,4679,8
VI_GOD  ,S ,2,4687,8
VI_GOD  ,S ,3,4695,8
VI_GOD  ,S ,4,4703,8
VI_GOD  ,S ,5,4711,8
VI_GOD  ,S ,6,4719,8
VI_GOD  ,S ,7,4727,8
VI_GOD  ,A1,0,4735,6
VI_GOD  ,A1,1,4741,6
VI_GOD  ,A1,2,4747,6
VI_GOD  ,A1,3,4753,6
VI_GOD  ,A1,4,4759,6
VI_GOD  ,A1,5,4765,6
VI_GOD  ,A1,6,4771,6
VI_GOD  ,A1,7,4777,6
VI_GOD  ,D ,0,4783,16
PHEONIX ,M ,0,4799,8
PHEONIX ,M ,1,4807,8
PHEONIX ,M ,2,4815,8
PHEONIX ,M ,3,4823,8
PHEONIX ,M ,4,4831,8
PHEONIX ,M ,5,4839,8
PHEONIX ,M ,6,4847,8
PHEONIX ,M ,7,4855,8
PHEONIX ,S ,0,4863,8
PHEONIX ,S ,1,4871,8
PHEONIX ,S ,2,4879,8
PHEONIX ,S ,3,4887,8
PHEONIX ,S ,4,4895,8
PHEONIX ,S ,5,4903,8
PHEONIX ,S ,6,4911,8
PHEONIX ,S ,7,4919,8
PHEONIX ,D ,0,4927,16
KUKULCAN,M ,0,4943,8
KUKULCAN,M ,1,4951,8
KUKULCAN,M ,2,4959,8
KUKULCAN,M ,3,4967,8
KUKULCAN,M ,4,4975,8
KUKULCAN,M ,5,4983,8
KUKULCAN,M ,6,4991,8
KUKULCAN,M ,7,4999,8
KUKULCAN,S ,0,5007,8
KUKULCAN,S ,1,5015,8
KUKULCAN,S ,2,5023,8
KUKULCAN,S ,3,5031,8
KUKULCAN,S ,4,5039,8
KUKULCAN,S ,5,5047,8
KUKULCAN,S ,6,5055,8
KUKULCAN,S ,7,5063,8
KUKULCAN,A1,0,5071,9
KUKULCAN,A1,1,5080,9
KUKULCAN,A1,2,5089,9
KUKULCAN,A1,3,5098,9
KUKULCAN,A1,4,5107,9
KUKULCAN,A1,5,5116,9
KUKULCAN,A1,6,5125,9
KUKULCAN,A1,7,5134,9
KUKULCAN,D ,0,5143,16
JA_GOD  ,M ,0,5159,8
JA_GOD  ,M ,1,5167,8
JA_GOD  ,M ,2,5175,8
JA_GOD  ,M ,3,5183,8
JA_GOD  ,M ,4,5191,8
JA_GOD  ,M ,5,5199,8
JA_GOD  ,M ,6,5207,8
JA_GOD  ,M ,7,5215,8
JA_GOD  ,S ,0,5223,8
JA_GOD  ,S ,1,5231,8
JA_GOD  ,S ,2,5239,8
JA_GOD  ,S ,3,5247,8
JA_GOD  ,S ,4,5255,8
JA_GOD  ,S ,5,5263,8
JA_GOD  ,S ,6,5271,8
JA_GOD  ,S ,7,5279,8
JA_GOD  ,A1,0,5287,6
JA_GOD  ,A1,1,5293,6
JA_GOD  ,A1,2,5299,6
JA_GOD  ,A1,3,5305,6
JA_GOD  ,A1,4,5311,6
JA_GOD  ,A1,5,5317,6
JA_GOD  ,A1,6,5323,6
JA_GOD  ,A1,7,5329,6
JA_GOD  ,D ,0,5335,16
GJ_STAR ,S ,0,5351,8
LYW     ,M ,0,5359,8
LYW     ,M ,1,5367,8
LYW     ,M ,2,5375,8
LYW     ,M ,3,5383,8
LYW     ,M ,4,5391,8
LYW     ,M ,5,5399,8
LYW     ,M ,6,5407,8
LYW     ,M ,7,5415,8
LYW     ,A1,0,5423,6
LYW     ,A1,1,5429,6
LYW     ,A1,2,5435,6
LYW     ,A1,3,5441,6
LYW     ,A1,4,5447,6
LYW     ,A1,5,5453,6
LYW     ,A1,6,5459,6
LYW     ,A1,7,5465,6
LYW     ,D ,0,5471,6
HOBGLOB ,M ,0,5477,8
HOBGLOB ,M ,1,5485,8
HOBGLOB ,M ,2,5493,8
HOBGLOB ,M ,3,5501,8
HOBGLOB ,M ,4,5509,8
HOBGLOB ,M ,5,5517,8
HOBGLOB ,M ,6,5525,8
HOBGLOB ,M ,7,5533,8
HOBGLOB ,S ,0,5541,1
HOBGLOB ,S ,1,5542,1
HOBGLOB ,S ,2,5543,1
HOBGLOB ,S ,3,5544,1
HOBGLOB ,S ,4,5545,1
HOBGLOB ,S ,5,5546,1
HOBGLOB ,S ,6,5547,1
HOBGLOB ,S ,7,5548,1
HOBGLOB ,A1,0,5549,13
HOBGLOB ,A1,1,5562,13
HOBGLOB ,A1,2,5575,13
HOBGLOB ,A1,3,5588,13
HOBGLOB ,A1,4,5601,13
HOBGLOB ,A1,5,5614,13
HOBGLOB ,A1,6,5627,13
HOBGLOB ,A1,7,5640,13
HOBGLOB ,D ,0,5653,6
CANSMOKE,S ,0,5659,6
CANSMOKE,S ,1,5665,6
CANSMOKE,S ,2,5671,6
CANSMOKE,S ,3,5677,6
CANSMOKE,S ,4,5683,6
CANSMOKE,S ,5,5689,6
CANSMOKE,S ,6,5695,6
CANSMOKE,S ,7,5701,6
STEAM   ,D ,0,5707,10
GIANTET ,M ,0,5717,8
GIANTET ,M ,1,5725,8
GIANTET ,M ,2,5733,8
GIANTET ,M ,3,5741,8
GIANTET ,M ,4,5749,8
GIANTET ,M ,5,5757,8
GIANTET ,M ,6,5765,8
GIANTET ,M ,7,5773,8
GIANTET ,S ,0,5781,1
GIANTET ,S ,1,5782,1
GIANTET ,S ,2,5783,1
GIANTET ,S ,3,5784,1
GIANTET ,S ,4,5785,1
GIANTET ,S ,5,5786,1
GIANTET ,S ,6,5787,1
GIANTET ,S ,7,5788,1
GIANTET ,A1,0,5789,5
GIANTET ,A1,1,5794,5
GIANTET ,A1,2,5799,5
GIANTET ,A1,3,5804,5
GIANTET ,A1,4,5809,5
GIANTET ,A1,5,5814,5
GIANTET ,A1,6,5819,5
GIANTET ,A1,7,5824,5
GIANTET ,A2,0,5829,5
GIANTET ,A2,1,5834,5
GIANTET ,A2,2,5839,5
GIANTET ,A2,3,5844,5
GIANTET ,A2,4,5849,5
GIANTET ,A2,5,5854,5
GIANTET ,A2,6,5859,5
GIANTET ,A2,7,5864,5
GIANTET ,D ,0,5869,6
GITH    ,M ,0,5875,8
GITH    ,M ,1,5883,8
GITH    ,M ,2,5891,8
GITH    ,M ,3,5899,8
GITH    ,M ,4,5907,8
GITH    ,M ,5,5915,8
GITH    ,M ,6,5923,8
GITH    ,M ,7,5931,8
GITH    ,S ,0,5939,1
GITH    ,S ,1,5940,1
GITH    ,S ,2,5941,1
GITH    ,S ,3,5942,1
GITH    ,S ,4,5943,1
GITH    ,S ,5,5944,1
GITH    ,S ,6,5945,1
GITH    ,S ,7,5946,1
GITH    ,A1,0,5947,6
GITH    ,A1,1,5953,6
GITH    ,A1,2,5959,6
GITH    ,A1,3,5965,6
GITH    ,A1,4,5971,6
GITH    ,A1,5,5977,6
GITH    ,A1,6,5983,6
GITH    ,A1,7,5989,6
GITH    ,A2,0,5995,7
GITH    ,A2,1,6002,7
GITH    ,A2,2,6009,7
GITH    ,A2,3,6016,7
GITH    ,A2,4,6023,7
GITH    ,A2,5,6030,7
GITH    ,A2,6,6037,7
GITH    ,A2,7,6044,7
GITH    ,D ,0,6051,6
ROCKMAN ,M ,0,6057,8
ROCKMAN ,M ,1,6065,8
ROCKMAN ,M ,2,6073,8
ROCKMAN ,M ,3,6081,8
ROCKMAN ,M ,4,6089,8
ROCKMAN ,M ,5,6097,8
ROCKMAN ,M ,6,6105,8
ROCKMAN ,M ,7,6113,8
ROCKMAN ,A1,0,6121,7
ROCKMAN ,A1,1,6128,7
ROCKMAN ,A1,2,6135,7
ROCKMAN ,A1,3,6142,7
ROCKMAN ,A1,4,6149,7
ROCKMAN ,A1,5,6156,7
ROCKMAN ,A1,6,6163,7
ROCKMAN ,A1,7,6170,7
ROCKMAN ,A2,0,6177,9
ROCKMAN ,A2,1,6186,9
ROCKMAN ,A2,2,6195,9
ROCKMAN ,A2,3,6204,9
ROCKMAN ,A2,4,6213,9
ROCKMAN ,A2,5,6222,9
ROCKMAN ,A2,6,6231,9
ROCKMAN ,A2,7,6240,9
ROCKMAN ,D ,0,6249,7
GREMJERM,M ,0,6256,8
GREMJERM,M ,1,6264,8
GREMJERM,M ,2,6272,8
GREMJERM,M ,3,6280,8
GREMJERM,M ,4,6288,8
GREMJERM,M ,5,6296,8
GREMJERM,M ,6,6304,8
GREMJERM,M ,7,6312,8
GREMJERM,A1,0,6320,9
GREMJERM,A1,1,6329,9
GREMJERM,A1,2,6338,9
GREMJERM,A1,3,6347,9
GREMJERM,A1,4,6356,9
GREMJERM,A1,5,6365,9
GREMJERM,A1,6,6374,9
GREMJERM,A1,7,6383,9
GREMJERM,D ,0,6392,6
RM_ARROW,M ,0,6398,1
RM_ARROW,M ,1,6399,1
RM_ARROW,M ,2,6400,1
RM_ARROW,M ,3,6401,1
RM_ARROW,M ,4,6402,1
RM_ARROW,M ,5,6403,1
RM_ARROW,M ,6,6404,1
RM_ARROW,M ,7,6405,1
FIREKIN ,M ,0,6406,8
FIREKIN ,M ,1,6414,8
FIREKIN ,M ,2,6422,8
FIREKIN ,M ,3,6430,8
FIREKIN ,M ,4,6438,8
FIREKIN ,M ,5,6446,8
FIREKIN ,M ,6,6454,8
FIREKIN ,M ,7,6462,8
FIREKIN ,A1,0,6470,6
FIREKIN ,A1,1,6476,6
FIREKIN ,A1,2,6482,6
FIREKIN ,A1,3,6488,6
FIREKIN ,A1,4,6494,6
FIREKIN ,A1,5,6500,6
FIREKIN ,A1,6,6506,6
FIREKIN ,A1,7,6512,6
FIREKIN ,A2,0,6518,8
FIREKIN ,A2,1,6526,8
FIREKIN ,A2,2,6534,8
FIREKIN ,A2,3,6542,8
FIREKIN ,A2,4,6550,8
FIREKIN ,A2,5,6558,8
FIREKIN ,A2,6,6566,8
FIREKIN ,A2,7,6574,8
FIREKIN ,D ,0,6582,6
GNOLL   ,M ,0,6588,8
GNOLL   ,M ,1,6596,8
GNOLL   ,M ,2,6604,8
GNOLL   ,M ,3,6612,8
GNOLL   ,M ,4,6620,8
GNOLL   ,M ,5,6628,8
GNOLL   ,M ,6,6636,8
GNOLL   ,M ,7,6644,8
GNOLL   ,A1,0,6652,7
GNOLL   ,A1,1,6659,7
GNOLL   ,A1,2,6666,7
GNOLL   ,A1,3,6673,7
GNOLL   ,A1,4,6680,7
GNOLL   ,A1,5,6687,7
GNOLL   ,A1,6,6694,7
GNOLL   ,A1,7,6701,7
GNOLL   ,A2,0,6708,7
GNOLL   ,A2,1,6715,7
GNOLL   ,A2,2,6722,7
GNOLL   ,A2,3,6729,7
GNOLL   ,A2,4,6736,7
GNOLL   ,A2,5,6743,7
GNOLL   ,A2,6,6750,7
GNOLL   ,A2,7,6757,7
GNOLL   ,D ,0,6764,6
GOBLIN  ,M ,0,6770,8
GOBLIN  ,M ,1,6778,8
GOBLIN  ,M ,2,6786,8
GOBLIN  ,M ,3,6794,8
GOBLIN  ,M ,4,6802,8
GOBLIN  ,M ,5,6810,8
GOBLIN  ,M ,6,6818,8
GOBLIN  ,M ,7,6826,8
GOBLIN  ,A1,0,6834,6
GOBLIN  ,A1,1,6840,6
GOBLIN  ,A1,2,6846,6
GOBLIN  ,A1,3,6852,6
GOBLIN  ,A1,4,6858,6
GOBLIN  ,A1,5,6864,6
GOBLIN  ,A1,6,6870,6
GOBLIN  ,A1,7,6876,6
GOBLIN  ,A2,0,6882,7
GOBLIN  ,A2,1,6889,7
GOBLIN  ,A2,2,6896,7
GOBLIN  ,A2,3,6903,7
GOBLIN  ,A2,4,6910,7
GOBLIN  ,A2,5,6917,7
GOBLIN  ,A2,6,6924,7
GOBLIN  ,A2,7,6931,7
GOBLIN  ,D ,0,6938,6
LIZARD  ,M ,0,6944,8
LIZARD  ,M ,1,6952,8
LIZARD  ,M ,2,6960,8
LIZARD  ,M ,3,6968,8
LIZARD  ,M ,4,6976,8
LIZARD  ,M ,5,6984,8
LIZARD  ,M ,6,6992,8
LIZARD  ,M ,7,7000,8
LIZARD  ,A1,0,7008,7
LIZARD  ,A1,1,7015,7
LIZARD  ,A1,2,7022,7
LIZARD  ,A1,3,7029,7
LIZARD  ,A1,4,7036,7
LIZARD  ,A1,5,7043,7
LIZARD  ,A1,6,7050,7
LIZARD  ,A1,7,7057,7
LIZARD  ,D ,0,7064,6
MAN     ,M ,0,7070,8
MAN     ,M ,1,7078,8
MAN     ,M ,2,7086,8
MAN     ,M ,3,7094,8
MAN     ,M ,4,7102,8
MAN     ,M ,5,7110,8
MAN     ,M ,6,7118,8
MAN     ,M ,7,7126,8
MAN     ,S ,0,7134,1
MAN     ,S ,1,7135,1
MAN     ,S ,2,7136,1
MAN     ,S ,3,7137,1
MAN     ,S ,4,7138,1
MAN     ,S ,5,7139,1
MAN     ,S ,6,7140,1
MAN     ,S ,7,7141,1
MAN     ,A1,0,7142,8
MAN     ,A1,1,7150,8
MAN     ,A1,2,7158,8
MAN     ,A1,3,7166,8
MAN     ,A1,4,7174,8
MAN     ,A1,5,7182,8
MAN     ,A1,6,7190,8
MAN     ,A1,7,7198,8
MAN     ,D ,0,7206,6
HEADLESS,M ,0,7212,8
HEADLESS,M ,1,7220,8
HEADLESS,M ,2,7228,8
HEADLESS,M ,3,7236,8
HEADLESS,M ,4,7244,8
HEADLESS,M ,5,7252,8
HEADLESS,M ,6,7260,8
HEADLESS,M ,7,7268,8
HEADLESS,A1,0,7276,6
HEADLESS,A1,1,7282,6
HEADLESS,A1,2,7288,6
HEADLESS,A1,3,7294,6
HEADLESS,A1,4,7300,6
HEADLESS,A1,5,7306,6
HEADLESS,A1,6,7312,6
HEADLESS,A1,7,7318,6
HEADLESS,A2,0,7324,8
HEADLESS,A2,1,7332,8
HEADLESS,A2,2,7340,8
HEADLESS,A2,3,7348,8
HEADLESS,A2,4,7356,8
HEADLESS,A2,5,7364,8
HEADLESS,A2,6,7372,8
HEADLESS,A2,7,7380,8
HEADLESS,D ,0,7388,6
EGYPTIAN,M ,0,7394,6
EGYPTIAN,M ,1,7400,6
EGYPTIAN,M ,2,7406,6
EGYPTIAN,M ,3,7412,6
EGYPTIAN,M ,4,7418,6
EGYPTIAN,M ,5,7424,6
EGYPTIAN,M ,6,7430,6
EGYPTIAN,M ,7,7436,6
EGYPTIAN,A1,0,7442,6
EGYPTIAN,A1,1,7448,6
EGYPTIAN,A1,2,7454,6
EGYPTIAN,A1,3,7460,6
EGYPTIAN,A1,4,7466,6
EGYPTIAN,A1,5,7472,6
EGYPTIAN,A1,6,7478,6
EGYPTIAN,A1,7,7484,6
EGYPTIAN,A2,0,7490,8
EGYPTIAN,A2,1,7498,8
EGYPTIAN,A2,2,7506,8
EGYPTIAN,A2,3,7514,8
EGYPTIAN,A2,4,7522,8
EGYPTIAN,A2,5,7530,8
EGYPTIAN,A2,6,7538,8
EGYPTIAN,A2,7,7546,8
EGYPTIAN,A3,0,7554,8
EGYPTIAN,A3,1,7562,8
EGYPTIAN,A3,2,7570,8
EGYPTIAN,A3,3,7578,8
EGYPTIAN,A3,4,7586,8
EGYPTIAN,A3,5,7594,8
EGYPTIAN,A3,6,7602,8
EGYPTIAN,A3,7,7610,8
EGYPTIAN,D ,0,7618,11
INDIAN  ,M ,0,7629,6
INDIAN  ,M ,1,7635,6
INDIAN  ,M ,2,7641,6
INDIAN  ,M ,3,7647,6
INDIAN  ,M ,4,7653,6
INDIAN  ,M ,5,7659,6
INDIAN  ,M ,6,7665,6
INDIAN  ,M ,7,7671,6
INDIAN  ,A1,0,7677,6
INDIAN  ,A1,1,7683,6
INDIAN  ,A1,2,7689,6
INDIAN  ,A1,3,7695,6
INDIAN  ,A1,4,7701,6
INDIAN  ,A1,5,7707,6
INDIAN  ,A1,6,7713,6
INDIAN  ,A1,7,7719,6
INDIAN  ,A2,0,7725,4
INDIAN  ,A2,1,7729,4
INDIAN  ,A2,2,7733,4
INDIAN  ,A2,3,7737,4
INDIAN  ,A2,4,7741,4
INDIAN  ,A2,5,7745,4
INDIAN  ,A2,6,7749,4
INDIAN  ,A2,7,7753,4
INDIAN  ,A3,0,7757,4
INDIAN  ,A3,1,7761,4
INDIAN  ,A3,2,7765,4
INDIAN  ,A3,3,7769,4
INDIAN  ,A3,4,7773,4
INDIAN  ,A3,5,7777,4
INDIAN  ,A3,6,7781,4
INDIAN  ,A3,7,7785,4
INDIAN  ,D ,0,7789,11
INDIAN  ,G ,0,7800,5
INDIAN  ,G ,1,7805,5
INDIAN  ,G ,2,7810,5
INDIAN  ,G ,3,7815,5
INDIAN  ,G ,4,7820,5
INDIAN  ,G ,5,7825,5
INDIAN  ,G ,6,7830,5
INDIAN  ,G ,7,7835,5
INDIAN  ,GM,0,7840,6
INDIAN  ,GM,1,7846,6
INDIAN  ,GM,2,7852,6
INDIAN  ,GM,3,7858,6
INDIAN  ,GM,4,7864,6
INDIAN  ,GM,5,7870,6
INDIAN  ,GM,6,7876,6
INDIAN  ,GM,7,7882,6
ZULU    ,M ,0,7888,6
ZULU    ,M ,1,7894,6
ZULU    ,M ,2,7900,6
ZULU    ,M ,3,7906,6
ZULU    ,M ,4,7912,6
ZULU    ,M ,5,7918,6
ZULU    ,M ,6,7924,6
ZULU    ,M ,7,7930,6
ZULU    ,A1,0,7936,7
ZULU    ,A1,1,7943,7
ZULU    ,A1,2,7950,7
ZULU    ,A1,3,7957,7
ZULU    ,A1,4,7964,7
ZULU    ,A1,5,7971,7
ZULU    ,A1,6,7978,7
ZULU    ,A1,7,7985,7
ZULU    ,A2,0,7992,8
ZULU    ,A2,1,8000,8
ZULU    ,A2,2,8008,8
ZULU    ,A2,3,8016,8
ZULU    ,A2,4,8024,8
ZULU    ,A2,5,8032,8
ZULU    ,A2,6,8040,8
ZULU    ,A2,7,8048,8
ZULU    ,D ,0,8056,11
ZULU    ,G ,0,8067,5
ZULU    ,G ,1,8072,5
ZULU    ,G ,2,8077,5
ZULU    ,G ,3,8082,5
ZULU    ,G ,4,8087,5
ZULU    ,G ,5,8092,5
ZULU    ,G ,6,8097,5
ZULU    ,G ,7,8102,5
ZULU    ,GM,0,8107,6
ZULU    ,GM,1,8113,6
ZULU    ,GM,2,8119,6
ZULU    ,GM,3,8125,6
ZULU    ,GM,4,8131,6
ZULU    ,GM,5,8137,6
ZULU    ,GM,6,8143,6
ZULU    ,GM,7,8149,6
EG_GOD  ,M ,0,8155,8
EG_GOD  ,M ,1,8163,8
EG_GOD  ,M ,2,8171,8
EG_GOD  ,M ,3,8179,8
EG_GOD  ,M ,4,8187,8
EG_GOD  ,M ,5,8195,8
EG_GOD  ,M ,6,8203,8
EG_GOD  ,M ,7,8211,8
EG_GOD  ,S ,0,8219,8
EG_GOD  ,S ,1,8227,8
EG_GOD  ,S ,2,8235,8
EG_GOD  ,S ,3,8243,8
EG_GOD  ,S ,4,8251,8
EG_GOD  ,S ,5,8259,8
EG_GOD  ,S ,6,8267,8
EG_GOD  ,S ,7,8275,8
EG_GOD  ,A1,0,8283,9
EG_GOD  ,A1,1,8292,9
EG_GOD  ,A1,2,8301,9
EG_GOD  ,A1,3,8310,9
EG_GOD  ,A1,4,8319,9
EG_GOD  ,A1,5,8328,9
EG_GOD  ,A1,6,8337,9
EG_GOD  ,A1,7,8346,9
EG_GOD  ,D ,0,8355,8
IN_GOD  ,M ,0,8363,8
IN_GOD  ,M ,1,8371,8
IN_GOD  ,M ,2,8379,8
IN_GOD  ,M ,3,8387,8
IN_GOD  ,M ,4,8395,8
IN_GOD  ,M ,5,8403,8
IN_GOD  ,M ,6,8411,8
IN_GOD  ,M ,7,8419,8
IN_GOD  ,S ,0,8427,8
IN_GOD  ,S ,1,8435,8
IN_GOD  ,S ,2,8443,8
IN_GOD  ,S ,3,8451,8
IN_GOD  ,S ,4,8459,8
IN_GOD  ,S ,5,8467,8
IN_GOD  ,S ,6,8475,8
IN_GOD  ,S ,7,8483,8
IN_GOD  ,A1,0,8491,9
IN_GOD  ,A1,1,8500,9
IN_GOD  ,A1,2,8509,9
IN_GOD  ,A1,3,8518,9
IN_GOD  ,A1,4,8527,9
IN_GOD  ,A1,5,8536,9
IN_GOD  ,A1,6,8545,9
IN_GOD  ,A1,7,8554,9
IN_GOD  ,D ,0,8563,8
ZU_GOD  ,M ,0,8571,8
ZU_GOD  ,M ,1,8579,8
ZU_GOD  ,M ,2,8587,8
ZU_GOD  ,M ,3,8595,8
ZU_GOD  ,M ,4,8603,8
ZU_GOD  ,M ,5,8611,8
ZU_GOD  ,M ,6,8619,8
ZU_GOD  ,M ,7,8627,8
ZU_GOD  ,S ,0,8635,8
ZU_GOD  ,S ,1,8643,8
ZU_GOD  ,S ,2,8651,8
ZU_GOD  ,S ,3,8659,8
ZU_GOD  ,S ,4,8667,8
ZU_GOD  ,S ,5,8675,8
ZU_GOD  ,S ,6,8683,8
ZU_GOD  ,S ,7,8691,8
ZU_GOD  ,A1,0,8699,9
ZU_GOD  ,A1,1,8708,9
ZU_GOD  ,A1,2,8717,9
ZU_GOD  ,A1,3,8726,9
ZU_GOD  ,A1,4,8735,9
ZU_GOD  ,A1,5,8744,9
ZU_GOD  ,A1,6,8753,9
ZU_GOD  ,A1,7,8762,9
ZU_GOD  ,D ,0,8771,8
ZU_ARROW,M ,0,8779,1
ZU_ARROW,M ,1,8780,1
ZU_ARROW,M ,2,8781,1
ZU_ARROW,M ,3,8782,1
ZU_ARROW,M ,4,8783,1
ZU_ARROW,M ,5,8784,1
ZU_ARROW,M ,6,8785,1
ZU_ARROW,M ,7,8786,1
EG_ARROW,M ,0,8787,1
EG_ARROW,M ,1,8788,1
EG_ARROW,M ,2,8789,1
EG_ARROW,M ,3,8790,1
EG_ARROW,M ,4,8791,1
EG_ARROW,M ,5,8792,1
EG_ARROW,M ,6,8793,1
EG_ARROW,M ,7,8794,1
EG_POWAR,M ,0,8795,1
EG_POWAR,M ,1,8796,1
EG_POWAR,M ,2,8797,1
EG_POWAR,M ,3,8798,1
EG_POWAR,M ,4,8799,1
EG_POWAR,M ,5,8800,1
EG_POWAR,M ,6,8801,1
EG_POWAR,M ,7,8802,1
F_BALLIS,M ,0,8803,3
F_BALLIS,M ,1,8806,3
F_BALLIS,M ,2,8809,3
F_BALLIS,M ,3,8812,3
F_BALLIS,M ,4,8815,3
F_BALLIS,M ,5,8818,3
F_BALLIS,M ,6,8821,3
F_BALLIS,M ,7,8824,3
F_BALLIS,A1,0,8827,4
F_BALLIS,A1,1,8831,4
F_BALLIS,A1,2,8835,4
F_BALLIS,A1,3,8839,4
F_BALLIS,A1,4,8843,4
F_BALLIS,A1,5,8847,4
F_BALLIS,A1,6,8851,4
F_BALLIS,A1,7,8855,4
F_BALLIS,A2,0,8859,7
F_BALLIS,A2,1,8866,7
F_BALLIS,A2,2,8873,7
F_BALLIS,A2,3,8880,7
F_BALLIS,A2,4,8887,7
F_BALLIS,A2,5,8894,7
F_BALLIS,A2,6,8901,7
F_BALLIS,A2,7,8908,7
F_BALLIS,D ,0,8915,10
GE_STAR ,S ,0,8925,20
GI_STAR ,S ,0,8945,17
GZ_STAR ,S ,0,8962,15
FB_ARROW,M ,0,8977,1
FB_ARROW,M ,1,8978,1
FB_ARROW,M ,2,8979,1
FB_ARROW,M ,3,8980,1
FB_ARROW,M ,4,8981,1
FB_ARROW,M ,5,8982,1
FB_ARROW,M ,6,8983,1
FB_ARROW,M ,7,8984,1
FB_ARROW,M ,8,8985,1
FB_ARROW,M ,9,8986,1
FB_ARROW,M ,10,8987,1
FB_ARROW,M ,11,8988,1
FB_ARROW,M ,12,8989,1
FB_ARROW,M ,13,8990,1
FB_ARROW,M ,14,8991,1
FB_ARROW,M ,15,8992,1
FB_ARROW,M ,16,8993,1
FB_ARROW,M ,17,8994,1
FB_ARROW,M ,18,8995,1
FB_ARROW,M ,19,8996,1
FB_ARROW,M ,20,8997,1
FB_ARROW,M ,21,8998,1
FB_ARROW,M ,22,8999,1
FB_ARROW,M ,23,9000,1
FB_ARRA0,M ,0,9001,1
FB_ARRA0,M ,1,9002,1
FB_ARRA0,M ,2,9003,1
FB_ARRA0,M ,3,9004,1
FB_ARRA0,M ,4,9005,1
FB_ARRA0,M ,5,9006,1
FB_ARRA0,M ,6,9007,1
FB_ARRA0,M ,7,9008,1
FB_ARRA0,M ,8,9009,1
FB_ARRA0,M ,9,9010,1
FB_ARRA0,M ,10,9011,1
FB_ARRA0,M ,11,9012,1
FB_ARRA0,M ,12,9013,1
FB_ARRA0,M ,13,9014,1
FB_ARRA0,M ,14,9015,1
FB_ARRA0,M ,15,9016,1
FB_ARRA0,M ,16,9017,1
FB_ARRA0,M ,17,9018,1
FB_ARRA0,M ,18,9019,1
FB_ARRA0,M ,19,9020,1
FB_ARRA0,M ,20,9021,1
FB_ARRA0,M ,21,9022,1
FB_ARRA0,M ,22,9023,1
FB_ARRA0,M ,23,9024,1
FB_ARRS0,M ,0,9025,1
FB_ARRS0,M ,1,9026,1
FB_ARRS0,M ,2,9027,1
FB_ARRS0,M ,3,9028,1
FB_ARRS0,M ,4,9029,1
FB_ARRS0,M ,5,9030,1
FB_ARRS0,M ,6,9031,1
FB_ARRS0,M ,7,9032,1
FB_ARRS0,M ,8,9033,1
FB_ARRS0,M ,9,9034,1
FB_ARRS0,M ,10,9035,1
FB_ARRS0,M ,11,9036,1
FB_ARRS0,M ,12,9037,1
FB_ARRS0,M ,13,9038,1
FB_ARRS0,M ,14,9039,1
FB_ARRS0,M ,15,9040,1
FB_ARRS0,M ,16,9041,1
FB_ARRS0,M ,17,9042,1
FB_ARRS0,M ,18,9043,1
FB_ARRS0,M ,19,9044,1
FB_ARRS0,M ,20,9045,1
FB_ARRS0,M ,21,9046,1
FB_ARRS0,M ,22,9047,1
FB_ARRS0,M ,23,9048,1
