NW_TYPE,NE_TYPE,SW_TYPE,SE_TYPE,EXTRA,SPECIAL,REP_TYPE,SEC_TYPE,PATTERN_ID,FILENAME,BITMAPPTR
D*,D*,D*,FB, , ,F,D,28,FD-028  ,275544
D*,D*,FB,D*, , ,F,D,27,FD-027  ,274512
D*,D-,D-,F+, , ,F,D,28,FD-028  ,275544
D*,D-,DA,F+, , ,D,F,36,FD-036  ,283800
D*,DA,D-,F+, , ,D,F,32,FD-032  ,279672
D*,DA,DA,F+, , ,D,F,40,FD-040  ,261096
D*,FB,D*,D*, , ,F,D,26,FD-026  ,273480
D*,FB,FB,D*, , ,F,D,50,FD-050  ,271416
D+,D+,D+,D+, , ,D,D,0,DD-044A ,496392
D+,D+,D+,D+, , ,D,D,0,DD-044B ,546960
D+,D+,D+,D+, , ,D,D,0,DD-044C ,547992
D+,D+,D+,D+, , ,D,D,0,DD-044D ,549024
D+,D+,D+,D+, , ,D,D,0,DD-044E ,550056
D+,D+,D+,D-, , ,D,D,0,DD-054  ,505680
D+,D+,D+,D0, , ,D,D,0,DD-034  ,487104
D+,D+,D-,D+, , ,D,D,0,DD-074  ,524256
D+,D+,D-,D-, , ,D,D,0,DD-084  ,533544
D+,D+,D-,D0, , ,D,D,0,DD-064  ,514968
D+,D+,D0,D+, , ,D,D,0,DD-014  ,325080
D+,D+,D0,D-, , ,D,D,0,DD-024  ,359136
D+,D+,D0,D0, , ,D,D,0,DD-004  ,308568
D+,D-,D+,D+, , ,D,D,0,DD-045  ,497424
D+,D-,D+,D-, , ,D,D,0,DD-055  ,506712
D+,D-,D+,D0, , ,D,D,0,DD-035  ,488136
D+,D-,D-,D+, , ,D,D,0,DD-075  ,525288
D+,D-,D-,D-, , ,D,D,0,DD-085  ,534576
D+,D-,D-,D0, , ,D,D,0,DD-065  ,516000
D+,D-,D0,D+, , ,D,D,0,DD-015  ,335400
D+,D-,D0,D-, , ,D,D,0,DD-025  ,360168
D+,D-,D0,D0, , ,D,D,0,DD-005  ,309600
D+,D0,D+,D+, , ,D,D,0,DD-043  ,495360
D+,D0,D+,D-, , ,D,D,0,DD-053  ,504648
D+,D0,D+,D0, , ,D,D,0,DD-033  ,486072
D+,D0,D-,D+, , ,D,D,0,DD-073  ,523224
D+,D0,D-,D-, , ,D,D,0,DD-083  ,532512
D+,D0,D-,D0, , ,D,D,0,DD-063  ,513936
D+,D0,D0,D+, , ,D,D,0,DD-013  ,320952
D+,D0,D0,D-, , ,D,D,0,DD-023  ,358104
D+,D0,D0,D0, , ,D,D,0,DD-003  ,307536
D-,D*,F+,D-, , ,F,D,27,FD-027  ,274512
D-,D*,F+,DA, , ,D,F,35,FD-035  ,282768
D-,D+,D+,D+, , ,D,D,0,DD-047  ,499488
D-,D+,D+,D-, , ,D,D,0,DD-057  ,508776
D-,D+,D+,D0, , ,D,D,0,DD-037  ,490200
D-,D+,D-,D+, , ,D,D,0,DD-077  ,527352
D-,D+,D-,D-, , ,D,D,0,DD-087  ,536640
D-,D+,D-,D0, , ,D,D,0,DD-067  ,518064
D-,D+,D0,D+, , ,D,D,0,DD-017  ,352944
D-,D+,D0,D-, , ,D,D,0,DD-027  ,362232
D-,D+,D0,D0, , ,D,D,0,DD-007  ,311664
D-,D-,D+,D+, , ,D,D,0,DD-048  ,500520
D-,D-,D+,D-, , ,D,D,0,DD-058  ,509808
D-,D-,D+,D0, , ,D,D,0,DD-038  ,491232
D-,D-,D-,D+, , ,D,D,0,DD-078  ,528384
D-,D-,D-,D-, , ,D,D,0,DD-088A ,537672
D-,D-,D-,D-, , ,D,D,0,DD-088B ,538704
D-,D-,D-,D-, , ,D,D,0,DD-088C ,539736
D-,D-,D-,D-, , ,D,D,0,DD-088D ,540768
D-,D-,D-,D-, , ,D,D,0,DD-088E ,541800
D-,D-,D-,D0, , ,D,D,0,DD-068  ,519096
D-,D-,D0,D+, , ,D,D,0,DD-018  ,353976
D-,D-,D0,D-, , ,D,D,0,DD-028  ,363264
D-,D-,D0,D0, , ,D,D,0,DD-008  ,312696
D-,D-,F*,F*, , ,F,D,11,FD-011  ,229104
D-,D-,F*,F*, , ,F,D,11,FD-011A ,230136
D-,D0,D+,D+, , ,D,D,0,DD-046  ,498456
D-,D0,D+,D-, , ,D,D,0,DD-056  ,507744
D-,D0,D+,D0, , ,D,D,0,DD-036  ,489168
D-,D0,D-,D+, , ,D,D,0,DD-076  ,526320
D-,D0,D-,D-, , ,D,D,0,DD-086  ,535608
D-,D0,D-,D0, , ,D,D,0,DD-066  ,517032
D-,D0,D0,D+, , ,D,D,0,DD-016  ,345720
D-,D0,D0,D-, , ,D,D,0,DD-026  ,361200
D-,D0,D0,D0, , ,D,D,0,DD-006  ,310632
D-,DA,F*,F+, , ,F,D,19,FD-019  ,245616
D-,DA,F*,F+, , ,F,D,19,FD-019A ,246648
D-,DA,F*,FB, , ,F,D,11,FD-011  ,229104
D-,DA,F*,FB, , ,F,D,11,FD-011A ,230136
D-,F*,D*,D-, , ,F,D,26,FD-026  ,273480
D-,F*,D-,F*, , ,F,D,10,FD-010  ,227040
D-,F*,D-,F*, , ,F,D,10,FD-010A ,228072
D-,F*,DA,F+, , ,F,D,18,FD-018  ,243552
D-,F*,DA,F+, , ,F,D,18,FD-018A ,244584
D-,F*,DA,FB, , ,F,D,10,FD-010  ,227040
D-,F*,DA,FB, , ,F,D,10,FD-010A ,228072
D-,F*,F*,F*, , ,F,D,4,FD-004  ,219816
D-,F+,D*,DA, , ,D,F,34,FD-034  ,281736
D-,F+,F+,D-, , ,F,D,50,FD-050  ,271416
D-,F+,F+,DA, , ,F,D,64,FD-064  ,298248
D-,F+,F+,DA, , ,F,D,68,FD-068  ,302376
D-,F+,FB,D-, , ,F,D,50,FD-050  ,271416
D-,F+,FB,DA, , ,F,D,54,FD-054  ,287928
D-,FB,F+,D-, , ,F,D,50,FD-050  ,271416
D-,FB,F+,DA, , ,F,D,70,FD-070  ,304440
D0,D+,D+,D+, , ,D,D,0,DD-041  ,493296
D0,D+,D+,D-, , ,D,D,0,DD-051  ,502584
D0,D+,D+,D0, , ,D,D,0,DD-031  ,365328
D0,D+,D-,D+, , ,D,D,0,DD-071  ,521160
D0,D+,D-,D-, , ,D,D,0,DD-081  ,530448
D0,D+,D-,D0, , ,D,D,0,DD-061  ,511872
D0,D+,D0,D+, , ,D,D,0,DD-011  ,314760
D0,D+,D0,D-, , ,D,D,0,DD-021  ,356040
D0,D+,D0,D0, , ,D,D,0,DD-001  ,305472
D0,D-,D+,D+, , ,D,D,0,DD-042  ,494328
D0,D-,D+,D-, , ,D,D,0,DD-052  ,503616
D0,D-,D+,D0, , ,D,D,0,DD-032  ,485040
D0,D-,D-,D+, , ,D,D,0,DD-072  ,522192
D0,D-,D-,D-, , ,D,D,0,DD-082  ,531480
D0,D-,D-,D0, , ,D,D,0,DD-062  ,512904
D0,D-,D0,D+, , ,D,D,0,DD-012  ,315792
D0,D-,D0,D-, , ,D,D,0,DD-022  ,357072
D0,D-,D0,D0, , ,D,D,0,DD-002  ,306504
D0,D0,D+,D+, , ,D,D,0,DD-040  ,492264
D0,D0,D+,D-, , ,D,D,0,DD-050  ,501552
D0,D0,D+,D0, , ,D,D,0,DD-030  ,364296
D0,D0,D-,D+, , ,D,D,0,DD-070  ,520128
D0,D0,D-,D-, , ,D,D,0,DD-080  ,529416
D0,D0,D-,D0, , ,D,D,0,DD-060  ,510840
D0,D0,D0,D+, , ,D,D,0,DD-010  ,313728
D0,D0,D0,D-, , ,D,D,0,DD-020  ,355008
D0,D0,D0,D0, , ,D,D,0,DD-000A ,115584
D0,D0,D0,D0, , ,D,D,0,DD-000B ,542832
D0,D0,D0,D0, , ,D,D,0,DD-000C ,543864
D0,D0,D0,D0, , ,D,D,0,DD-000D ,544896
D0,D0,D0,D0, , ,D,D,0,DD-000E ,545928
DA,D*,F+,D-, , ,D,F,31,FD-031  ,278640
DA,D*,F+,DA, , ,D,F,39,FD-039  ,260064
DA,D-,F+,F*, , ,F,D,23,FD-023  ,253872
DA,D-,F+,F*, , ,F,D,23,FD-023A ,254904
DA,D-,FB,F*, , ,F,D,11,FD-011  ,229104
DA,D-,FB,F*, , ,F,D,11,FD-011A ,230136
DA,DA,F+,F+, , ,D,F,15,FD-015  ,237360
DA,DA,F+,F+, , ,D,F,15,FD-015A ,238392
DA,DA,F+,F+, ,A,D,F,15,FD-A15  ,316824
DA,DA,F+,FB, , ,F,D,23,FD-023  ,253872
DA,DA,F+,FB, , ,F,D,23,FD-023A ,254904
DA,DA,FB,F+, , ,F,D,19,FD-019  ,245616
DA,DA,FB,F+, , ,F,D,19,FD-019A ,246648
DA,DA,FB,FB, , ,F,D,11,FD-011  ,229104
DA,DA,FB,FB, , ,F,D,11,FD-011A ,230136
DA,F+,D*,D-, , ,D,F,30,FD-030  ,277608
DA,F+,D*,DA, , ,D,F,38,FD-038  ,259032
DA,F+,D-,F*, , ,F,D,22,FD-022  ,251808
DA,F+,D-,F*, , ,F,D,22,FD-022A ,252840
DA,F+,DA,F+, , ,D,F,14,FD-014  ,235296
DA,F+,DA,F+, , ,D,F,14,FD-014A ,236328
DA,F+,DA,F+, ,K,D,F,14,FD-K14  ,319920
DA,F+,DA,FB, , ,F,D,22,FD-022  ,251808
DA,F+,DA,FB, , ,F,D,22,FD-022A ,252840
DA,F+,F+,D-, , ,F,D,60,FD-060  ,294120
DA,F+,F+,DA, , ,D,F,66,FD-066  ,300312
DA,F+,F+,F*, , ,F,D,8,FD-008  ,223944
DA,F+,FB,D-, , ,F,D,52,FD-052  ,285864
DA,F+,FB,DA, , ,F,D,56,FD-056  ,289992
DA,F+,FB,F*, , ,F,D,44,FD-044  ,265224
DA,FB,D-,F*, , ,F,D,10,FD-010  ,227040
DA,FB,D-,F*, , ,F,D,10,FD-010A ,228072
DA,FB,DA,F+, , ,F,D,18,FD-018  ,243552
DA,FB,DA,F+, , ,F,D,18,FD-018A ,244584
DA,FB,DA,FB, , ,F,D,10,FD-010  ,227040
DA,FB,DA,FB, , ,F,D,10,FD-010A ,228072
DA,FB,F+,D-, , ,F,D,58,FD-058  ,292056
DA,FB,F+,DA, , ,F,D,62,FD-062  ,296184
DA,FB,F+,F*, , ,F,D,48,FD-048  ,269352
DA,FB,FB,F*, , ,F,D,4,FD-004  ,219816
F*,D-,F*,D-, , ,F,D,9,FD-009  ,224976
F*,D-,F*,D-, , ,F,D,9,FD-009A ,226008
F*,D-,F*,F*, , ,F,D,3,FD-003  ,218784
F*,D-,F+,DA, , ,F,D,17,FD-017  ,241488
F*,D-,F+,DA, , ,F,D,17,FD-017A ,242520
F*,D-,FB,DA, , ,F,D,9,FD-009  ,224976
F*,D-,FB,DA, , ,F,D,9,FD-009A ,226008
F*,F*,D-,D-, , ,F,D,12,FD-012  ,231168
F*,F*,D-,D-, , ,F,D,12,FD-012A ,232200
F*,F*,D-,F*, , ,F,D,2,FD-002  ,217752
F*,F*,F*,D-, , ,F,D,1,FD-001  ,216720
F*,F*,F*,GB, , ,G,F,28,GF-028  ,181632
F*,F*,GB,F*, , ,G,F,27,GF-027  ,180600
F*,F+,D-,DA, , ,F,D,24,FD-024  ,255936
F*,F+,D-,DA, , ,F,D,24,FD-024A ,256968
F*,F+,F+,DA, , ,F,D,5,FD-005  ,220848
F*,F+,FB,DA, , ,F,D,45,FD-045  ,266256
F*,F-,F-,G+, , ,G,F,28,GF-028  ,181632
F*,F-,FA,G+, , ,F,G,36,GF-036  ,189888
F*,FA,F-,G+, , ,F,G,32,GF-032  ,185760
F*,FA,FA,G+, , ,F,G,40,GF-040  ,167184
F*,FB,D-,DA, , ,F,D,12,FD-012  ,231168
F*,FB,D-,DA, , ,F,D,12,FD-012A ,232200
F*,FB,F+,DA, , ,F,D,41,FD-041  ,262128
F*,FB,FB,DA, , ,F,D,1,FD-001  ,216720
F*,GB,F*,F*, , ,G,F,26,GF-026  ,179568
F*,GB,GB,F*, , ,G,F,50,GF-050  ,177504
F+,D-,D-,D*, , ,F,D,25,FD-025  ,272448
F+,D-,D-,F+, , ,F,D,49,FD-049  ,270384
F+,D-,D-,FB, , ,F,D,49,FD-049  ,270384
F+,D-,DA,D*, , ,D,F,33,FD-033  ,280704
F+,D-,DA,F+, , ,F,D,63,FD-063  ,297216
F+,D-,DA,F+, , ,F,D,67,FD-067  ,301344
F+,D-,DA,FB, , ,F,D,53,FD-053  ,286896
F+,DA,D-,D*, , ,D,F,29,FD-029  ,276576
F+,DA,D-,F+, , ,F,D,59,FD-059  ,293088
F+,DA,D-,FB, , ,F,D,51,FD-051  ,284832
F+,DA,DA,D*, , ,D,F,37,FD-037  ,258000
F+,DA,DA,F+, , ,D,F,65,FD-065  ,299280
F+,DA,DA,FB, , ,F,D,55,FD-055  ,288960
F+,DA,F*,D-, , ,F,D,21,FD-021  ,249744
F+,DA,F*,D-, , ,F,D,21,FD-021A ,250776
F+,DA,F*,F+, , ,F,D,7,FD-007  ,222912
F+,DA,F*,FB, , ,F,D,43,FD-043  ,264192
F+,DA,F+,DA, , ,D,F,13,FD-013  ,233232
F+,DA,F+,DA, , ,D,F,13,FD-013A ,234264
F+,DA,F+,DA, ,H,D,F,13,FD-H13  ,318888
F+,DA,FB,DA, , ,F,D,21,FD-021  ,249744
F+,DA,FB,DA, , ,F,D,21,FD-021A ,250776
F+,F*,DA,D-, , ,F,D,20,FD-020  ,247680
F+,F*,DA,D-, , ,F,D,20,FD-020A ,248712
F+,F*,DA,F+, , ,F,D,6,FD-006  ,221880
F+,F*,DA,FB, , ,F,D,46,FD-046  ,267288
F+,F+,DA,DA, , ,D,F,16,FD-016  ,239424
F+,F+,DA,DA, , ,D,F,16,FD-016A ,240456
F+,F+,DA,DA, ,F,D,F,16,FD-F16  ,317856
F+,F+,F+,F+, , ,F,F,0,FF-044A ,455112
F+,F+,F+,F+, , ,F,F,0,FF-044B ,573792
F+,F+,F+,F+, , ,F,F,0,FF-044C ,574824
F+,F+,F+,F+, , ,F,F,0,FF-044D ,575856
F+,F+,F+,F+, , ,F,F,0,FF-044E ,576888
F+,F+,F+,F-, , ,F,F,0,FF-054  ,464400
F+,F+,F+,F0, , ,F,F,0,FF-034  ,445824
F+,F+,F-,F+, , ,F,F,0,FF-074  ,482976
F+,F+,F-,F-, , ,F,F,0,FF-084  ,560376
F+,F+,F-,F0, , ,F,F,0,FF-064  ,473688
F+,F+,F0,F+, , ,F,F,0,FF-014  ,427248
F+,F+,F0,F-, , ,F,F,0,FF-024  ,436536
F+,F+,F0,F0, , ,F,F,0,FF-004  ,417960
F+,F-,F+,F+, , ,F,F,0,FF-045  ,456144
F+,F-,F+,F-, , ,F,F,0,FF-055  ,465432
F+,F-,F+,F0, , ,F,F,0,FF-035  ,446856
F+,F-,F-,F+, , ,F,F,0,FF-075  ,484008
F+,F-,F-,F-, , ,F,F,0,FF-085  ,561408
F+,F-,F-,F0, , ,F,F,0,FF-065  ,474720
F+,F-,F0,F+, , ,F,F,0,FF-015  ,428280
F+,F-,F0,F-, , ,F,F,0,FF-025  ,437568
F+,F-,F0,F0, , ,F,F,0,FF-005  ,418992
F+,F0,F+,F+, , ,F,F,0,FF-043  ,454080
F+,F0,F+,F-, , ,F,F,0,FF-053  ,463368
F+,F0,F+,F0, , ,F,F,0,FF-033  ,444792
F+,F0,F-,F+, , ,F,F,0,FF-073  ,481944
F+,F0,F-,F-, , ,F,F,0,FF-083  ,559344
F+,F0,F-,F0, , ,F,F,0,FF-063  ,472656
F+,F0,F0,F+, , ,F,F,0,FF-013  ,426216
F+,F0,F0,F-, , ,F,F,0,FF-023  ,435504
F+,F0,F0,F0, , ,F,F,0,FF-003  ,416928
F+,FB,DA,DA, , ,F,D,20,FD-020  ,247680
F+,FB,DA,DA, , ,F,D,20,FD-020A ,248712
F-,F*,G+,F-, , ,G,F,27,GF-027  ,180600
F-,F*,G+,FA, , ,F,G,35,GF-035  ,188856
F-,F+,F+,F+, , ,F,F,0,FF-047  ,458208
F-,F+,F+,F-, , ,F,F,0,FF-057  ,467496
F-,F+,F+,F0, , ,F,F,0,FF-037  ,448920
F-,F+,F-,F+, , ,F,F,0,FF-077  ,554184
F-,F+,F-,F-, , ,F,F,0,FF-087  ,563472
F-,F+,F-,F0, , ,F,F,0,FF-067  ,476784
F-,F+,F0,F+, , ,F,F,0,FF-017  ,430344
F-,F+,F0,F-, , ,F,F,0,FF-027  ,439632
F-,F+,F0,F0, , ,F,F,0,FF-007  ,421056
F-,F-,F+,F+, , ,F,F,0,FF-048  ,459240
F-,F-,F+,F-, , ,F,F,0,FF-058  ,468528
F-,F-,F+,F0, , ,F,F,0,FF-038  ,449952
F-,F-,F-,F+, , ,F,F,0,FF-078  ,555216
F-,F-,F-,F-, , ,F,F,0,FF-088A ,564504
F-,F-,F-,F-, , ,F,F,0,FF-088B ,565536
F-,F-,F-,F-, , ,F,F,0,FF-088C ,566568
F-,F-,F-,F-, , ,F,F,0,FF-088D ,567600
F-,F-,F-,F-, , ,F,F,0,FF-088E ,568632
F-,F-,F-,F0, , ,F,F,0,FF-068  ,477816
F-,F-,F0,F+, , ,F,F,0,FF-018  ,431376
F-,F-,F0,F-, , ,F,F,0,FF-028  ,440664
F-,F-,F0,F0, , ,F,F,0,FF-008  ,422088
F-,F-,G*,G*, , ,G,F,11,GF-011  ,135192
F-,F-,G*,G*, , ,G,F,11,GF-011A ,136224
F-,F0,F+,F+, , ,F,F,0,FF-046  ,457176
F-,F0,F+,F-, , ,F,F,0,FF-056  ,466464
F-,F0,F+,F0, , ,F,F,0,FF-036  ,447888
F-,F0,F-,F+, , ,F,F,0,FF-076  ,553152
F-,F0,F-,F-, , ,F,F,0,FF-086  ,562440
F-,F0,F-,F0, , ,F,F,0,FF-066  ,475752
F-,F0,F0,F+, , ,F,F,0,FF-016  ,429312
F-,F0,F0,F-, , ,F,F,0,FF-026  ,438600
F-,F0,F0,F0, , ,F,F,0,FF-006  ,420024
F-,FA,G*,G+, , ,G,F,19,GF-019  ,151704
F-,FA,G*,G+, , ,G,F,19,GF-019A ,152736
F-,FA,G*,GB, , ,G,F,11,GF-011  ,135192
F-,FA,G*,GB, , ,G,F,11,GF-011A ,136224
F-,G*,F*,F-, , ,G,F,26,GF-026  ,179568
F-,G*,F-,G*, , ,G,F,10,GF-010  ,133128
F-,G*,F-,G*, , ,G,F,10,GF-010A ,134160
F-,G*,FA,G+, , ,G,F,18,GF-018  ,149640
F-,G*,FA,G+, , ,G,F,18,GF-018A ,150672
F-,G*,FA,GB, , ,G,F,10,GF-010  ,133128
F-,G*,FA,GB, , ,G,F,10,GF-010A ,134160
F-,G*,G*,G*, , ,G,F,4,GF-004  ,125904
F-,G+,F*,FA, , ,F,G,34,GF-034  ,187824
F-,G+,G+,F-, , ,G,F,50,GF-050  ,177504
F-,G+,G+,FA, , ,G,F,64,GF-064  ,204336
F-,G+,G+,FA, , ,G,F,68,GF-068  ,208464
F-,G+,GB,F-, , ,G,F,50,GF-050  ,177504
F-,G+,GB,FA, , ,G,F,54,GF-054  ,194016
F-,GB,G+,F-, , ,G,F,50,GF-050  ,177504
F-,GB,G+,FA, , ,G,F,70,GF-070  ,210528
F0,F+,F+,F+, , ,F,F,0,FF-041  ,452016
F0,F+,F+,F-, , ,F,F,0,FF-051  ,461304
F0,F+,F+,F0, , ,F,F,0,FF-031  ,442728
F0,F+,F-,F+, , ,F,F,0,FF-071  ,479880
F0,F+,F-,F-, , ,F,F,0,FF-081  ,557280
F0,F+,F-,F0, , ,F,F,0,FF-061  ,470592
F0,F+,F0,F+, , ,F,F,0,FF-011  ,424152
F0,F+,F0,F-, , ,F,F,0,FF-021  ,433440
F0,F+,F0,F0, , ,F,F,0,FF-001  ,414864
F0,F-,F+,F+, , ,F,F,0,FF-042  ,453048
F0,F-,F+,F-, , ,F,F,0,FF-052  ,462336
F0,F-,F+,F0, , ,F,F,0,FF-032  ,443760
F0,F-,F-,F+, , ,F,F,0,FF-072  ,480912
F0,F-,F-,F-, , ,F,F,0,FF-082  ,558312
F0,F-,F-,F0, , ,F,F,0,FF-062  ,471624
F0,F-,F0,F+, , ,F,F,0,FF-012  ,425184
F0,F-,F0,F-, , ,F,F,0,FF-022  ,434472
F0,F-,F0,F0, , ,F,F,0,FF-002  ,415896
F0,F0,F+,F+, , ,F,F,0,FF-040  ,450984
F0,F0,F+,F-, , ,F,F,0,FF-050  ,460272
F0,F0,F+,F0, , ,F,F,0,FF-030  ,441696
F0,F0,F-,F+, , ,F,F,0,FF-070  ,478848
F0,F0,F-,F-, , ,F,F,0,FF-080  ,556248
F0,F0,F-,F0, , ,F,F,0,FF-060  ,469560
F0,F0,F0,F+, , ,F,F,0,FF-010  ,423120
F0,F0,F0,F-, , ,F,F,0,FF-020  ,432408
F0,F0,F0,F0, , ,F,F,0,FF-000A ,413832
F0,F0,F0,F0, , ,F,F,0,FF-000B ,569664
F0,F0,F0,F0, , ,F,F,0,FF-000C ,570696
F0,F0,F0,F0, , ,F,F,0,FF-000D ,571728
F0,F0,F0,F0, , ,F,F,0,FF-000E ,572760
FA,F*,G+,F-, , ,F,G,31,GF-031  ,184728
FA,F*,G+,FA, , ,F,G,39,GF-039  ,166152
FA,F-,G+,G*, , ,G,F,23,GF-023  ,159960
FA,F-,G+,G*, , ,G,F,23,GF-023A ,160992
FA,F-,GB,G*, , ,G,F,11,GF-011  ,135192
FA,F-,GB,G*, , ,G,F,11,GF-011A ,136224
FA,FA,G+,G+, , ,F,G,15,GF-015  ,143448
FA,FA,G+,G+, , ,F,G,15,GF-015A ,144480
FA,FA,G+,GB, , ,G,F,23,GF-023  ,159960
FA,FA,G+,GB, , ,G,F,23,GF-023A ,160992
FA,FA,GB,G+, , ,G,F,19,GF-019  ,151704
FA,FA,GB,G+, , ,G,F,19,GF-019A ,152736
FA,FA,GB,GB, , ,G,F,11,GF-011  ,135192
FA,FA,GB,GB, , ,G,F,11,GF-011A ,136224
FA,G+,F*,F-, , ,F,G,30,GF-030  ,183696
FA,G+,F*,FA, , ,F,G,38,GF-038  ,165120
FA,G+,F-,G*, , ,G,F,22,GF-022  ,157896
FA,G+,F-,G*, , ,G,F,22,GF-022A ,158928
FA,G+,FA,G+, , ,F,G,14,GF-014  ,141384
FA,G+,FA,G+, , ,F,G,14,GF-014A ,142416
FA,G+,FA,GB, , ,G,F,22,GF-022  ,157896
FA,G+,FA,GB, , ,G,F,22,GF-022A ,158928
FA,G+,G+,F-, , ,G,F,60,GF-060  ,200208
FA,G+,G+,FA, , ,F,G,66,GF-066  ,206400
FA,G+,G+,G*, , ,G,F,8,GF-008  ,130032
FA,G+,GB,F-, , ,G,F,52,GF-052  ,191952
FA,G+,GB,FA, , ,G,F,56,GF-056  ,196080
FA,G+,GB,G*, , ,G,F,44,GF-044  ,171312
FA,GB,F-,G*, , ,G,F,10,GF-010  ,133128
FA,GB,F-,G*, , ,G,F,10,GF-010A ,134160
FA,GB,FA,G+, , ,G,F,18,GF-018  ,149640
FA,GB,FA,G+, , ,G,F,18,GF-018A ,150672
FA,GB,FA,GB, , ,G,F,10,GF-010  ,133128
FA,GB,FA,GB, , ,G,F,10,GF-010A ,134160
FA,GB,G+,F-, , ,G,F,58,GF-058  ,198144
FA,GB,G+,FA, , ,G,F,62,GF-062  ,202272
FA,GB,G+,G*, , ,G,F,48,GF-048  ,175440
FA,GB,GB,G*, , ,G,F,4,GF-004  ,125904
FB,D*,D*,D*, , ,F,D,25,FD-025  ,272448
FB,D*,D*,FB, , ,F,D,49,FD-049  ,270384
FB,D-,D-,F+, , ,F,D,49,FD-049  ,270384
FB,D-,DA,F+, , ,F,D,69,FD-069  ,303408
FB,DA,D-,F+, , ,F,D,57,FD-057  ,291024
FB,DA,DA,F+, , ,F,D,61,FD-061  ,295152
FB,DA,F*,D-, , ,F,D,9,FD-009  ,224976
FB,DA,F*,D-, , ,F,D,9,FD-009A ,226008
FB,DA,F*,F+, , ,F,D,47,FD-047  ,268320
FB,DA,F*,FB, , ,F,D,3,FD-003  ,218784
FB,DA,F+,DA, , ,F,D,17,FD-017  ,241488
FB,DA,F+,DA, , ,F,D,17,FD-017A ,242520
FB,DA,FB,DA, , ,F,D,9,FD-009  ,224976
FB,DA,FB,DA, , ,F,D,9,FD-009A ,226008
FB,F*,DA,D-, , ,F,D,12,FD-012  ,231168
FB,F*,DA,D-, , ,F,D,12,FD-012A ,232200
FB,F*,DA,F+, , ,F,D,42,FD-042  ,263160
FB,F*,DA,FB, , ,F,D,2,FD-002  ,217752
FB,F+,DA,DA, , ,F,D,24,FD-024  ,255936
FB,F+,DA,DA, , ,F,D,24,FD-024A ,256968
FB,FB,DA,DA, , ,F,D,12,FD-012  ,231168
FB,FB,DA,DA, , ,F,D,12,FD-012A ,232200
G*,F-,G*,F-, , ,G,F,9,GF-009  ,131064
G*,F-,G*,F-, , ,G,F,9,GF-009A ,132096
G*,F-,G*,G*, , ,G,F,3,GF-003  ,124872
G*,F-,G+,FA, , ,G,F,17,GF-017  ,147576
G*,F-,G+,FA, , ,G,F,17,GF-017A ,148608
G*,F-,GB,FA, , ,G,F,9,GF-009  ,131064
G*,F-,GB,FA, , ,G,F,9,GF-009A ,132096
G*,G*,F-,F-, , ,G,F,12,GF-012  ,137256
G*,G*,F-,F-, , ,G,F,12,GF-012A ,138288
G*,G*,F-,G*, , ,G,F,2,GF-002  ,123840
G*,G*,G*,F-, , ,G,F,1,GF-001  ,122808
G*,G*,G*,SB, , ,S,G,28,SG-028  ,77400
G*,G*,SB,G*, , ,S,G,27,SG-027  ,76368
G*,G+,F-,FA, , ,G,F,24,GF-024  ,162024
G*,G+,F-,FA, , ,G,F,24,GF-024A ,163056
G*,G+,G+,FA, , ,G,F,5,GF-005  ,126936
G*,G+,GB,FA, , ,G,F,45,GF-045  ,172344
G*,G-,G-,S+, , ,S,G,28,SG-028  ,77400
G*,G-,GA,S+, , ,G,S,36,SG-036  ,85656
G*,GA,G-,S+, , ,G,S,32,SG-032  ,81528
G*,GA,GA,S+, , ,G,S,40,SG-040  ,62952
G*,GB,F-,FA, , ,G,F,12,GF-012  ,137256
G*,GB,F-,FA, , ,G,F,12,GF-012A ,138288
G*,GB,G+,FA, , ,G,F,41,GF-041  ,168216
G*,GB,GB,FA, , ,G,F,1,GF-001  ,122808
G*,SB,G*,G*, , ,G,S,26,SG-026  ,75336
G*,SB,SB,G*, , ,S,G,50,SG-050  ,73272
G+,F-,F-,F*, , ,G,F,25,GF-025  ,178536
G+,F-,F-,G+, , ,G,F,49,GF-049  ,176472
G+,F-,F-,GB, , ,G,F,49,GF-049  ,176472
G+,F-,FA,F*, , ,F,G,33,GF-033  ,186792
G+,F-,FA,G+, , ,G,F,63,GF-063  ,203304
G+,F-,FA,G+, , ,G,F,67,GF-067  ,207432
G+,F-,FA,GB, , ,G,F,53,GF-053  ,192984
G+,FA,F-,F*, , ,F,G,29,GF-029  ,182664
G+,FA,F-,G+, , ,G,F,59,GF-059  ,199176
G+,FA,F-,GB, , ,G,F,51,GF-051  ,190920
G+,FA,FA,F*, , ,F,G,37,GF-037  ,164088
G+,FA,FA,G+, , ,F,G,65,GF-065  ,205368
G+,FA,FA,GB, , ,G,F,55,GF-055  ,195048
G+,FA,G*,F-, , ,G,F,21,GF-021  ,155832
G+,FA,G*,F-, , ,G,F,21,GF-021A ,156864
G+,FA,G*,G+, , ,G,F,7,GF-007  ,129000
G+,FA,G*,GB, , ,G,F,43,GF-043  ,170280
G+,FA,G+,FA, , ,F,G,13,GF-013  ,139320
G+,FA,G+,FA, , ,F,G,13,GF-013A ,140352
G+,FA,GB,FA, , ,G,F,21,GF-021  ,155832
G+,FA,GB,FA, , ,G,F,21,GF-021A ,156864
G+,G*,FA,F-, , ,G,F,20,GF-020  ,153768
G+,G*,FA,F-, , ,G,F,20,GF-020A ,154800
G+,G*,FA,G+, , ,G,F,6,GF-006  ,127968
G+,G*,FA,GB, , ,G,F,46,GF-046  ,173376
G+,G+,FA,FA, , ,F,G,16,GF-016  ,145512
G+,G+,FA,FA, , ,F,G,16,GF-016A ,146544
G+,G+,G+,G+, , ,G,G,0,GG-044A ,344688
G+,G+,G+,G+, , ,G,G,0,GG-044B ,409704
G+,G+,G+,G+, , ,G,G,0,GG-044C ,410736
G+,G+,G+,G+, , ,G,G,0,GG-044D ,411768
G+,G+,G+,G+, , ,G,G,0,GG-044E ,412800
G+,G+,G+,G-, , ,G,G,0,GG-054  ,368424
G+,G+,G+,G0, , ,G,G,0,GG-034  ,334368
G+,G+,G-,G+, , ,G,G,0,GG-074  ,387000
G+,G+,G-,G-, , ,G,G,0,GG-084  ,396288
G+,G+,G-,G0, , ,G,G,0,GG-064  ,377712
G+,G+,G0,G+, , ,G,G,0,GG-014  ,120744
G+,G+,G0,G-, , ,G,G,0,GG-024  ,324048
G+,G+,G0,G0, , ,G,G,0,GG-004  ,110424
G+,G-,G+,G+, , ,G,G,0,GG-045  ,346752
G+,G-,G+,G-, , ,G,G,0,GG-055  ,369456
G+,G-,G+,G0, , ,G,G,0,GG-035  ,336432
G+,G-,G-,G+, , ,G,G,0,GG-075  ,388032
G+,G-,G-,G-, , ,G,G,0,GG-085  ,397320
G+,G-,G-,G0, , ,G,G,0,GG-065  ,378744
G+,G-,G0,G+, , ,G,G,0,GG-015  ,121776
G+,G-,G0,G-, , ,G,G,0,GG-025  ,326112
G+,G-,G0,G0, , ,G,G,0,GG-005  ,111456
G+,G0,G+,G+, , ,G,G,0,GG-043  ,343656
G+,G0,G+,G-, , ,G,G,0,GG-053  ,367392
G+,G0,G+,G0, , ,G,G,0,GG-033  ,333336
G+,G0,G-,G+, , ,G,G,0,GG-073  ,385968
G+,G0,G-,G-, , ,G,G,0,GG-083  ,395256
G+,G0,G-,G0, , ,G,G,0,GG-063  ,376680
G+,G0,G0,G+, , ,G,G,0,GG-013  ,119712
G+,G0,G0,G-, , ,G,G,0,GG-023  ,323016
G+,G0,G0,G0, , ,G,G,0,GG-003  ,109392
G+,GB,FA,FA, , ,G,F,20,GF-020  ,153768
G+,GB,FA,FA, , ,G,F,20,GF-020A ,154800
G-,G*,S+,G-, , ,S,G,27,SG-027  ,76368
G-,G*,S+,GA, , ,G,S,35,SG-035  ,84624
G-,G+,G+,G+, , ,G,G,0,GG-047  ,348816
G-,G+,G+,G-, , ,G,G,0,GG-057  ,371520
G-,G+,G+,G0, , ,G,G,0,GG-037  ,338496
G-,G+,G-,G+, , ,G,G,0,GG-077  ,390096
G-,G+,G-,G-, , ,G,G,0,GG-087  ,399384
G-,G+,G-,G0, , ,G,G,0,GG-067  ,380808
G-,G+,G0,G+, , ,G,G,0,GG-017  ,212592
G-,G+,G0,G-, , ,G,G,0,GG-027  ,328176
G-,G+,G0,G0, , ,G,G,0,GG-007  ,113520
G-,G-,G+,G+, , ,G,G,0,GG-048  ,349848
G-,G-,G+,G-, , ,G,G,0,GG-058  ,372552
G-,G-,G+,G0, , ,G,G,0,GG-038  ,339528
G-,G-,G-,G+, , ,G,G,0,GG-078  ,391128
G-,G-,G-,G-, , ,G,G,0,GG-088A ,400416
G-,G-,G-,G-, , ,G,G,0,GG-088B ,401448
G-,G-,G-,G-, , ,G,G,0,GG-088C ,402480
G-,G-,G-,G-, , ,G,G,0,GG-088D ,403512
G-,G-,G-,G-, , ,G,G,0,GG-088E ,404544
G-,G-,G-,G0, , ,G,G,0,GG-068  ,381840
G-,G-,G0,G+, , ,G,G,0,GG-018  ,213624
G-,G-,G0,G-, , ,G,G,0,GG-028  ,329208
G-,G-,G0,G0, , ,G,G,0,GG-008  ,114552
G-,G-,S*,S*, , ,S,G,11,SG-011  ,26832
G-,G-,S*,S*, , ,S,G,11,SG-011A ,27864
G-,G-,S*,S*, , ,S,G,11,SG-011B ,28896
G-,G-,S*,S*, , ,S,G,11,SG-011C ,29928
G-,G0,G+,G+, , ,G,G,0,GG-046  ,347784
G-,G0,G+,G-, , ,G,G,0,GG-056  ,370488
G-,G0,G+,G0, , ,G,G,0,GG-036  ,337464
G-,G0,G-,G+, , ,G,G,0,GG-076  ,389064
G-,G0,G-,G-, , ,G,G,0,GG-086  ,398352
G-,G0,G-,G0, , ,G,G,0,GG-066  ,379776
G-,G0,G0,G+, , ,G,G,0,GG-016  ,211560
G-,G0,G0,G-, , ,G,G,0,GG-026  ,327144
G-,G0,G0,G0, , ,G,G,0,GG-006  ,112488
G-,GA,S*,S+, , ,S,G,19,SG-019  ,47472
G-,GA,S*,S+, , ,S,G,19,SG-019A ,48504
G-,GA,S*,SB, , ,S,G,11,SG-011  ,26832
G-,GA,S*,SB, , ,S,G,11,SG-011A ,27864
G-,GA,S*,SB, , ,S,G,11,SG-011B ,28896
G-,GA,S*,SB, , ,S,G,11,SG-011C ,29928
G-,S*,G*,G-, , ,G,S,26,SG-026  ,75336
G-,S*,G-,S*, , ,S,G,10,SG-010  ,22704
G-,S*,G-,S*, , ,S,G,10,SG-010A ,23736
G-,S*,G-,S*, , ,S,G,10,SG-010B ,24768
G-,S*,G-,S*, , ,S,G,10,SG-010C ,25800
G-,S*,GA,S+, , ,S,G,18,SG-018  ,45408
G-,S*,GA,S+, , ,S,G,18,SG-018A ,46440
G-,S*,GA,SB, , ,S,G,10,SG-010  ,22704
G-,S*,GA,SB, , ,S,G,10,SG-010A ,23736
G-,S*,GA,SB, , ,S,G,10,SG-010B ,24768
G-,S*,GA,SB, , ,S,G,10,SG-010C ,25800
G-,S*,S*,S*, , ,S,G,4,SG-004  ,12384
G-,S*,S*,S*, , ,S,G,4,SG-004A ,13416
G-,S+,G*,GA, , ,G,S,34,SG-034  ,83592
G-,S+,S+,G-, , ,S,G,50,SG-050  ,73272
G-,S+,S+,GA, , ,S,G,64,SG-064  ,100104
G-,S+,S+,GA, , ,S,G,68,SG-068  ,104232
G-,S+,SB,G-, , ,S,G,50,SG-050  ,73272
G-,S+,SB,GA, , ,S,G,54,SG-054  ,89784
G-,SB,S+,G-, , ,S,G,50,SG-050  ,73272
G-,SB,S+,GA, , ,S,G,70,SG-070  ,106296
G0,G+,G+,G+, , ,G,G,0,GG-041  ,341592
G0,G+,G+,G-, , ,G,G,0,GG-051  ,351912
G0,G+,G+,G0, , ,G,G,0,GG-031  ,331272
G0,G+,G-,G+, , ,G,G,0,GG-071  ,383904
G0,G+,G-,G-, , ,G,G,0,GG-081  ,393192
G0,G+,G-,G0, , ,G,G,0,GG-061  ,374616
G0,G+,G0,G+, , ,G,G,0,GG-011  ,117648
G0,G+,G0,G-, , ,G,G,0,GG-021  ,215688
G0,G+,G0,G0, , ,G,G,0,GG-001  ,107328
G0,G-,G+,G+, , ,G,G,0,GG-042  ,342624
G0,G-,G+,G-, , ,G,G,0,GG-052  ,366360
G0,G-,G+,G0, , ,G,G,0,GG-032  ,332304
G0,G-,G-,G+, , ,G,G,0,GG-072  ,384936
G0,G-,G-,G-, , ,G,G,0,GG-082  ,394224
G0,G-,G-,G0, , ,G,G,0,GG-062  ,375648
G0,G-,G0,G+, , ,G,G,0,GG-012  ,118680
G0,G-,G0,G-, , ,G,G,0,GG-022  ,321984
G0,G-,G0,G0, , ,G,G,0,GG-002  ,108360
G0,G0,G+,G+, , ,G,G,0,GG-040  ,340560
G0,G0,G+,G-, , ,G,G,0,GG-050  ,350880
G0,G0,G+,G0, , ,G,G,0,GG-030  ,330240
G0,G0,G-,G+, , ,G,G,0,GG-070  ,382872
G0,G0,G-,G-, , ,G,G,0,GG-080  ,392160
G0,G0,G-,G0, , ,G,G,0,GG-060  ,373584
G0,G0,G0,G+, , ,G,G,0,GG-010  ,116616
G0,G0,G0,G-, , ,G,G,0,GG-020  ,214656
G0,G0,G0,G0, , ,G,G,0,GG-000A ,0
G0,G0,G0,G0, , ,G,G,0,GG-000B ,405576
G0,G0,G0,G0, , ,G,G,0,GG-000C ,406608
G0,G0,G0,G0, , ,G,G,0,GG-000D ,407640
G0,G0,G0,G0, , ,G,G,0,GG-000E ,408672
GA,G*,S+,G-, , ,G,S,31,SG-031  ,80496
GA,G*,S+,GA, , ,G,S,39,SG-039  ,61920
GA,G-,S+,S*, , ,S,G,23,SG-023  ,55728
GA,G-,S+,S*, , ,S,G,23,SG-023A ,56760
GA,G-,SB,S*, , ,S,G,11,SG-011  ,26832
GA,G-,SB,S*, , ,S,G,11,SG-011A ,27864
GA,G-,SB,S*, , ,S,G,11,SG-011B ,28896
GA,G-,SB,S*, , ,S,G,11,SG-011C ,29928
GA,GA,S+,S+, , ,S,G,15,SG-015  ,39216
GA,GA,S+,S+, , ,S,G,15,SG-015A ,40248
GA,GA,S+,SB, , ,S,G,23,SG-023  ,55728
GA,GA,S+,SB, , ,S,G,23,SG-023A ,56760
GA,GA,SB,S+, , ,S,G,19,SG-019  ,47472
GA,GA,SB,S+, , ,S,G,19,SG-019A ,48504
GA,GA,SB,SB, , ,S,G,11,SG-011  ,26832
GA,GA,SB,SB, , ,S,G,11,SG-011A ,27864
GA,GA,SB,SB, , ,S,G,11,SG-011B ,28896
GA,GA,SB,SB, , ,S,G,11,SG-011C ,29928
GA,S+,G*,G-, , ,G,S,30,SG-030  ,79464
GA,S+,G*,GA, , ,G,S,38,SG-038  ,60888
GA,S+,G-,S*, , ,S,G,22,SG-022  ,53664
GA,S+,G-,S*, , ,S,G,22,SG-022A ,54696
GA,S+,GA,S+, , ,G,S,14,SG-014  ,37152
GA,S+,GA,S+, , ,G,S,14,SG-014A ,38184
GA,S+,GA,SB, , ,S,G,22,SG-022  ,53664
GA,S+,GA,SB, , ,S,G,22,SG-022A ,54696
GA,S+,S+,G-, , ,S,G,60,SG-060  ,95976
GA,S+,S+,GA, , ,G,S,66,SG-066  ,102168
GA,S+,S+,S*, , ,S,G,8,SG-008  ,17544
GA,S+,SB,G-, , ,S,G,52,SG-052  ,87720
GA,S+,SB,GA, , ,S,G,56,SG-056  ,91848
GA,S+,SB,S*, , ,S,G,44,SG-044  ,67080
GA,SB,G-,S*, , ,S,G,10,SG-010  ,22704
GA,SB,G-,S*, , ,S,G,10,SG-010A ,23736
GA,SB,G-,S*, , ,S,G,10,SG-010B ,24768
GA,SB,G-,S*, , ,S,G,10,SG-010C ,25800
GA,SB,GA,S+, , ,S,G,18,SG-018  ,45408
GA,SB,GA,S+, , ,S,G,18,SG-018A ,46440
GA,SB,GA,SB, , ,S,G,10,SG-010  ,22704
GA,SB,GA,SB, , ,S,G,10,SG-010A ,23736
GA,SB,GA,SB, , ,S,G,10,SG-010B ,24768
GA,SB,GA,SB, , ,S,G,10,SG-010C ,25800
GA,SB,S+,G-, , ,S,G,58,SG-058  ,93912
GA,SB,S+,GA, , ,S,G,62,SG-062  ,98040
GA,SB,S+,S*, , ,S,G,48,SG-048  ,71208
GA,SB,SB,S*, , ,S,G,4,SG-004  ,12384
GA,SB,SB,S*, , ,S,G,4,SG-004A ,13416
GB,F*,F*,F*, , ,G,F,25,GF-025  ,178536
GB,F*,F*,GB, , ,G,F,49,GF-049  ,176472
GB,F-,F-,G+, , ,G,F,49,GF-049  ,176472
GB,F-,FA,G+, , ,G,F,69,GF-069  ,209496
GB,FA,F-,G+, , ,G,F,57,GF-057  ,197112
GB,FA,FA,G+, , ,G,F,61,GF-061  ,201240
GB,FA,G*,F-, , ,G,F,9,GF-009  ,131064
GB,FA,G*,F-, , ,G,F,9,GF-009A ,132096
GB,FA,G*,G+, , ,G,F,47,GF-047  ,174408
GB,FA,G*,GB, , ,G,F,3,GF-003  ,124872
GB,FA,G+,FA, , ,G,F,17,GF-017  ,147576
GB,FA,G+,FA, , ,G,F,17,GF-017A ,148608
GB,FA,GB,FA, , ,G,F,9,GF-009  ,131064
GB,FA,GB,FA, , ,G,F,9,GF-009A ,132096
GB,G*,FA,F-, , ,G,F,12,GF-012  ,137256
GB,G*,FA,F-, , ,G,F,12,GF-012A ,138288
GB,G*,FA,G+, , ,G,F,42,GF-042  ,169248
GB,G*,FA,GB, , ,G,F,2,GF-002  ,123840
GB,G+,FA,FA, , ,G,F,24,GF-024  ,162024
GB,G+,FA,FA, , ,G,F,24,GF-024A ,163056
GB,GB,FA,FA, , ,G,F,12,GF-012  ,137256
GB,GB,FA,FA, , ,G,F,12,GF-012A ,138288
S*,G-,S*,G-, , ,S,G,9,SG-009  ,18576
S*,G-,S*,G-, , ,S,G,9,SG-009A ,19608
S*,G-,S*,G-, , ,S,G,9,SG-009B ,20640
S*,G-,S*,G-, , ,S,G,9,SG-009C ,21672
S*,G-,S*,S*, , ,S,G,3,SG-003  ,10320
S*,G-,S*,S*, , ,S,G,3,SG-003A ,11352
S*,G-,S+,GA, , ,S,G,17,SG-017  ,43344
S*,G-,S+,GA, , ,S,G,17,SG-017A ,44376
S*,G-,SB,GA, , ,S,G,9,SG-009  ,18576
S*,G-,SB,GA, , ,S,G,9,SG-009A ,19608
S*,G-,SB,GA, , ,S,G,9,SG-009B ,20640
S*,G-,SB,GA, , ,S,G,9,SG-009C ,21672
S*,S*,G-,G-, , ,S,G,12,SG-012  ,30960
S*,S*,G-,G-, , ,S,G,12,SG-012A ,31992
S*,S*,G-,G-, , ,S,G,12,SG-012B ,33024
S*,S*,G-,G-, , ,S,G,12,SG-012C ,34056
S*,S*,G-,S*, , ,S,G,2,SG-002  ,8256
S*,S*,G-,S*, , ,S,G,2,SG-002A ,9288
S*,S*,S*,G-, , ,S,G,1,SG-001  ,6192
S*,S*,S*,G-, , ,S,G,1,SG-001A ,7224
S*,S*,S*,S*, , ,S,S,0,SS-001  ,1032
S*,S*,S*,S*, , ,S,S,0,SS-002  ,2064
S*,S*,S*,S*, , ,S,S,0,SS-003  ,3096
S*,S*,S*,S*, , ,S,S,0,SS-004  ,4128
S*,S*,S*,S*, , ,S,S,0,SS-005  ,5160
S*,S*,S*,S*, , ,S,S,0,SS-006  ,551088
S*,S*,S*,S*, , ,S,S,0,SS-007  ,552120
S*,S+,G-,GA, , ,G,S,24,SG-024  ,57792
S*,S+,G-,GA, , ,G,S,24,SG-024A ,58824
S*,S+,S+,GA, , ,S,G,5,SG-005  ,14448
S*,S+,SB,GA, , ,S,G,45,SG-045  ,68112
S*,SB,G-,GA, , ,S,G,12,SG-012  ,30960
S*,SB,G-,GA, , ,S,G,12,SG-012A ,31992
S*,SB,G-,GA, , ,S,G,12,SG-012B ,33024
S*,SB,G-,GA, , ,S,G,12,SG-012C ,34056
S*,SB,S+,GA, , ,S,G,41,SG-041  ,63984
S*,SB,SB,GA, , ,S,G,1,SG-001  ,6192
S*,SB,SB,GA, , ,S,G,1,SG-001A ,7224
S+,G-,G-,G*, , ,G,S,25,SG-025  ,74304
S+,G-,G-,S+, , ,S,G,49,SG-049  ,72240
S+,G-,G-,SB, , ,S,G,49,SG-049  ,72240
S+,G-,GA,G*, , ,G,S,33,SG-033  ,82560
S+,G-,GA,S+, , ,S,G,63,SG-063  ,99072
S+,G-,GA,S+, , ,S,G,67,SG-067  ,103200
S+,G-,GA,SB, , ,S,G,53,SG-053  ,88752
S+,GA,G-,G*, , ,G,S,29,SG-029  ,78432
S+,GA,G-,S+, , ,S,G,59,SG-059  ,94944
S+,GA,G-,SB, , ,S,G,51,SG-051  ,86688
S+,GA,GA,G*, , ,G,S,37,SG-037  ,59856
S+,GA,GA,S+, , ,G,S,65,SG-065  ,101136
S+,GA,GA,SB, , ,S,G,55,SG-055  ,90816
S+,GA,S*,G-, , ,S,G,21,SG-021  ,51600
S+,GA,S*,G-, , ,S,G,21,SG-021A ,52632
S+,GA,S*,S+, , ,S,G,7,SG-007  ,16512
S+,GA,S*,SB, , ,S,G,43,SG-043  ,66048
S+,GA,S+,GA, , ,G,S,13,SG-013  ,35088
S+,GA,S+,GA, , ,G,S,13,SG-013A ,36120
S+,GA,SB,GA, , ,S,G,21,SG-021  ,51600
S+,GA,SB,GA, , ,S,G,21,SG-021A ,52632
S+,S*,GA,G-, , ,G,S,20,SG-020  ,49536
S+,S*,GA,G-, , ,G,S,20,SG-020A ,50568
S+,S*,GA,S+, , ,S,G,6,SG-006  ,15480
S+,S*,GA,SB, , ,S,G,46,SG-046  ,69144
S+,S+,GA,GA, , ,G,S,16,SG-016  ,41280
S+,S+,GA,GA, , ,G,S,16,SG-016A ,42312
S+,SB,GA,GA, , ,G,S,20,SG-020  ,49536
S+,SB,GA,GA, , ,G,S,20,SG-020A ,50568
SB,G*,G*,G*, , ,G,S,25,SG-025  ,74304
SB,G*,G*,SB, , ,S,G,49,SG-049  ,72240
SB,G-,G-,S+, , ,S,G,49,SG-049  ,72240
SB,G-,GA,S+, , ,S,G,69,SG-069  ,105264
SB,GA,G-,S+, , ,S,G,57,SG-057  ,92880
SB,GA,GA,S+, , ,S,G,61,SG-061  ,97008
SB,GA,S*,G-, , ,S,G,9,SG-009  ,18576
SB,GA,S*,G-, , ,S,G,9,SG-009A ,19608
SB,GA,S*,G-, , ,S,G,9,SG-009B ,20640
SB,GA,S*,G-, , ,S,G,9,SG-009C ,21672
SB,GA,S*,S+, , ,S,G,47,SG-047  ,70176
SB,GA,S*,SB, , ,S,G,3,SG-003  ,10320
SB,GA,S*,SB, , ,S,G,3,SG-003A ,11352
SB,GA,S+,GA, , ,S,G,17,SG-017  ,43344
SB,GA,S+,GA, , ,S,G,17,SG-017A ,44376
SB,GA,SB,GA, , ,S,G,9,SG-009  ,18576
SB,GA,SB,GA, , ,S,G,9,SG-009A ,19608
SB,GA,SB,GA, , ,S,G,9,SG-009B ,20640
SB,GA,SB,GA, , ,S,G,9,SG-009C ,21672
SB,S*,GA,G-, , ,S,G,12,SG-012  ,30960
SB,S*,GA,G-, , ,S,G,12,SG-012A ,31992
SB,S*,GA,G-, , ,S,G,12,SG-012B ,33024
SB,S*,GA,G-, , ,S,G,12,SG-012C ,34056
SB,S*,GA,S+, , ,S,G,42,SG-042  ,65016
SB,S*,GA,SB, , ,S,G,2,SG-002  ,8256
SB,S*,GA,SB, , ,S,G,2,SG-002A ,9288
SB,S+,GA,GA, , ,G,S,24,SG-024  ,57792
SB,S+,GA,GA, , ,G,S,24,SG-024A ,58824
SB,SB,GA,GA, , ,S,G,12,SG-012  ,30960
SB,SB,GA,GA, , ,S,G,12,SG-012A ,31992
SB,SB,GA,GA, , ,S,G,12,SG-012B ,33024
SB,SB,GA,GA, , ,S,G,12,SG-012C ,34056
