LAYOUTCODE,BASE_X,BASE_Y,TYPE,CODE,TYPE_ID
A-1     ,75,10,PLANT   ,0,2
A-1     ,100,10,PLANT   ,0,2
A-1     ,35,15,PLANT   ,0,2
A-1     ,32,32,HOUSE   ,23,1
A-1     ,96,32,FARM    ,2,3
A-1     ,100,40,FARM    ,2,3
A-1     ,27,50,FLAG    ,0,4
A-1     ,75,50,HOUSE   ,23,1
A-1     ,100,55,FARM    ,2,3
A-1     ,0,64,PLANT   ,0,2
A-1     ,10,75,PLANT   ,0,2
A-1     ,30,96,HOUSE   ,23,1
A-1     ,64,100,PLANT   ,0,2
A-1     ,0,120,PLANT   ,0,2
A-1     ,5,120,PLANT   ,0,2
A-1     ,96,120,PLANT   ,0,2
A-1     ,64,128,HOUSE   ,23,1
A-1     ,128,128,PLANT   ,0,2
A-10    ,60,28,PLANT   ,0,2
A-10    ,96,28,HOUSE   ,22,1
A-10    ,115,33,PLANT   ,0,2
A-10    ,18,37,HOUSE   ,24,1
A-10    ,76,41,FARM    ,2,3
A-10    ,27,50,FLAG    ,0,4
A-10    ,88,57,FARM    ,2,3
A-10    ,40,71,PLANT   ,0,2
A-10    ,115,73,PLANT   ,0,2
A-10    ,70,82,PLANT   ,0,2
A-10    ,30,105,HOUSE   ,21,1
A-10    ,38,111,FARM    ,2,3
A-10    ,5,113,PLANT   ,0,2
A-10    ,112,121,HOUSE   ,24,1
A-10    ,84,129,PLANT   ,0,2
A-11    ,120,22,PLANT   ,0,2
A-11    ,75,32,PLANT   ,0,2
A-11    ,32,36,HOUSE   ,33,1
A-11    ,43,36,FARM    ,2,3
A-11    ,6,43,PLANT   ,0,2
A-11    ,27,50,FLAG    ,0,4
A-11    ,103,72,HOUSE   ,33,1
A-11    ,54,78,PLANT   ,0,2
A-11    ,21,93,HOUSE   ,33,1
A-11    ,25,98,FARM    ,2,3
A-11    ,115,99,PLANT   ,0,2
A-11    ,70,122,HOUSE   ,34,1
A-11    ,99,127,PLANT   ,0,2
A-11    ,13,128,PLANT   ,0,2
A-12    ,8,21,PLANT   ,0,2
A-12    ,75,26,PLANT   ,0,2
A-12    ,106,33,HOUSE   ,21,1
A-12    ,78,35,FARM    ,2,3
A-12    ,27,50,FLAG    ,0,4
A-12    ,33,50,HOUSE   ,21,1
A-12    ,121,53,PLANT   ,0,2
A-12    ,22,55,FARM    ,2,3
A-12    ,59,69,PLANT   ,0,2
A-12    ,9,92,PLANT   ,0,2
A-12    ,106,95,HOUSE   ,23,1
A-12    ,78,100,PLANT   ,0,2
A-12    ,65,104,FARM    ,2,3
A-12    ,42,111,HOUSE   ,21,1
A-12    ,121,128,PLANT   ,0,2
A-12    ,23,129,PLANT   ,0,2
A-13    ,25,22,HOUSE   ,11,1
A-13    ,59,29,PLANT   ,0,2
A-13    ,100,35,HOUSE   ,12,1
A-13    ,119,39,PLANT   ,0,2
A-13    ,4,47,PLANT   ,0,2
A-13    ,103,47,FARM    ,2,3
A-13    ,27,50,FLAG    ,0,4
A-13    ,1,76,FARM    ,2,3
A-13    ,76,79,PLANT   ,0,2
A-13    ,44,81,HOUSE   ,13,1
A-13    ,17,88,FARM    ,2,3
A-13    ,104,104,HOUSE   ,13,1
A-13    ,4,113,PLANT   ,0,2
A-13    ,114,116,PLANT   ,0,2
A-13    ,88,118,PLANT   ,0,2
A-13    ,26,128,PLANT   ,0,2
A-13    ,63,129,HOUSE   ,13,1
A-14    ,92,7,PLANT   ,0,2
A-14    ,124,18,PLANT   ,0,2
A-14    ,66,41,PLANT   ,0,2
A-14    ,30,44,HOUSE   ,33,1
A-14    ,27,50,FLAG    ,0,4
A-14    ,10,70,PLANT   ,0,2
A-14    ,106,71,HOUSE   ,32,1
A-14    ,125,89,PLANT   ,0,2
A-14    ,99,92,FARM    ,2,3
A-14    ,83,101,PLANT   ,0,2
A-14    ,54,105,FARM    ,2,3
A-14    ,51,108,HOUSE   ,33,1
A-14    ,23,121,PLANT   ,0,2
A-14    ,111,128,PLANT   ,0,2
A-15    ,17,17,PLANT   ,0,2
A-15    ,45,17,HOUSE   ,13,1
A-15    ,111,21,PLANT   ,0,2
A-15    ,84,44,PLANT   ,0,2
A-15    ,27,50,FLAG    ,0,4
A-15    ,110,60,HOUSE   ,13,1
A-15    ,79,61,FARM    ,2,3
A-15    ,27,73,PLANT   ,0,2
A-15    ,58,74,HOUSE   ,23,1
A-15    ,3,92,PLANT   ,0,2
A-15    ,48,108,FARM    ,2,3
A-15    ,23,123,HOUSE   ,23,1
A-15    ,114,125,HOUSE   ,13,1
A-15    ,84,129,PLANT   ,0,2
A-16    ,38,1,FARM    ,2,3
A-16    ,73,19,PLANT   ,0,2
A-16    ,1,27,PLANT   ,0,2
A-16    ,99,40,HOUSE   ,33,1
A-16    ,27,50,FLAG    ,0,4
A-16    ,28,59,HOUSE   ,21,1
A-16    ,118,62,PLANT   ,0,2
A-16    ,57,67,PLANT   ,0,2
A-16    ,34,69,FARM    ,2,3
A-16    ,104,103,HOUSE   ,13,1
A-16    ,79,109,PLANT   ,0,2
A-16    ,114,117,PLANT   ,0,2
A-16    ,56,122,HOUSE   ,13,1
A-16    ,34,124,PLANT   ,0,2
A-16    ,7,127,PLANT   ,0,2
A-17    ,76,21,PLANT   ,0,2
A-17    ,23,35,HOUSE   ,21,1
A-17    ,27,50,FLAG    ,0,4
A-17    ,5,51,PLANT   ,0,2
A-17    ,102,51,HOUSE   ,22,1
A-17    ,6,56,FARM    ,2,3
A-17    ,66,58,FARM    ,2,3
A-17    ,116,59,PLANT   ,0,2
A-17    ,45,76,PLANT   ,0,2
A-17    ,112,94,PLANT   ,0,2
A-17    ,3,111,PLANT   ,0,2
A-17    ,39,114,HOUSE   ,23,1
A-17    ,79,115,PLANT   ,0,2
A-17    ,86,125,PLANT   ,0,2
A-17    ,55,127,PLANT   ,0,2
A-17    ,29,128,PLANT   ,0,2
A-17    ,109,128,HOUSE   ,34,1
A-18    ,64,15,PLANT   ,0,2
A-18    ,93,16,PLANT   ,0,2
A-18    ,112,22,PLANT   ,0,2
A-18    ,39,33,PLANT   ,0,2
A-18    ,71,46,HOUSE   ,22,1
A-18    ,27,50,FLAG    ,0,4
A-18    ,108,52,PLANT   ,0,2
A-18    ,117,60,PLANT   ,0,2
A-18    ,76,79,FARM    ,2,3
A-18    ,39,80,HOUSE   ,22,1
A-18    ,97,81,HOUSE   ,22,1
A-18    ,39,85,FARM    ,2,3
A-18    ,11,96,FARM    ,2,3
A-18    ,72,105,FARM    ,2,3
A-18    ,40,110,FARM    ,2,3
A-18    ,6,124,PLANT   ,0,2
A-19    ,113,10,PLANT   ,0,2
A-19    ,82,29,PLANT   ,0,2
A-19    ,51,44,HOUSE   ,13,1
A-19    ,27,50,FLAG    ,0,4
A-19    ,123,52,PLANT   ,0,2
A-19    ,94,74,HOUSE   ,23,1
A-19    ,5,77,PLANT   ,0,2
A-19    ,42,86,HOUSE   ,13,1
A-19    ,106,95,FARM    ,2,3
A-19    ,18,113,PLANT   ,0,2
A-19    ,74,124,HOUSE   ,33,1
A-19    ,36,125,PLANT   ,0,2
A-19    ,3,127,PLANT   ,0,2
A-2     ,15,15,PLANT   ,0,2
A-2     ,20,32,PLANT   ,0,2
A-2     ,32,32,FARM    ,2,3
A-2     ,64,32,HOUSE   ,13,1
A-2     ,48,48,FARM    ,2,3
A-2     ,68,48,PLANT   ,0,2
A-2     ,27,50,FLAG    ,0,4
A-2     ,96,80,HOUSE   ,13,1
A-2     ,32,90,HOUSE   ,13,1
A-2     ,32,115,PLANT   ,0,2
A-2     ,5,120,PLANT   ,0,2
A-2     ,64,128,HOUSE   ,13,1
A-20    ,60,5,PLANT   ,0,2
A-20    ,118,11,PLANT   ,0,2
A-20    ,31,12,PLANT   ,0,2
A-20    ,90,13,PLANT   ,0,2
A-20    ,29,20,FARM    ,2,3
A-20    ,73,27,PLANT   ,0,2
A-20    ,87,27,FARM    ,2,3
A-20    ,6,33,PLANT   ,0,2
A-20    ,55,37,FARM    ,2,3
A-20    ,128,37,PLANT   ,0,2
A-20    ,27,50,FLAG    ,0,4
A-20    ,89,52,FARM    ,2,3
A-20    ,41,69,HOUSE   ,13,1
A-20    ,17,72,PLANT   ,0,2
A-20    ,75,94,HOUSE   ,13,1
A-20    ,111,117,HOUSE   ,13,1
A-20    ,8,126,PLANT   ,0,2
A-20    ,41,128,HOUSE   ,33,1
A-21    ,101,7,FARM    ,2,3
A-21    ,9,25,PLANT   ,0,2
A-21    ,76,32,PLANT   ,0,2
A-21    ,27,50,FLAG    ,0,4
A-21    ,38,58,HOUSE   ,31,1
A-21    ,16,73,PLANT   ,0,2
A-21    ,99,74,HOUSE   ,31,1
A-21    ,86,77,FARM    ,2,3
A-21    ,112,89,FARM    ,2,3
A-21    ,87,102,FARM    ,2,3
A-21    ,47,110,HOUSE   ,21,1
A-21    ,75,113,PLANT   ,0,2
A-21    ,15,118,PLANT   ,0,2
A-21    ,117,125,PLANT   ,0,2
A-21    ,1,127,PLANT   ,0,2
A-22    ,52,18,FARM    ,2,3
A-22    ,96,39,HOUSE   ,14,1
A-22    ,123,39,PLANT   ,0,2
A-22    ,75,41,FARM    ,2,3
A-22    ,27,50,FLAG    ,0,4
A-22    ,31,51,HOUSE   ,14,1
A-22    ,47,51,FARM    ,2,3
A-22    ,70,62,FARM    ,2,3
A-22    ,22,64,FARM    ,2,3
A-22    ,47,80,FARM    ,2,3
A-22    ,7,83,PLANT   ,0,2
A-22    ,111,86,HOUSE   ,14,1
A-22    ,16,88,FARM    ,2,3
A-22    ,38,103,FARM    ,2,3
A-22    ,114,118,PLANT   ,0,2
A-22    ,82,119,HOUSE   ,14,1
A-22    ,30,126,PLANT   ,0,2
A-23    ,24,2,FARM    ,2,3
A-23    ,93,6,FARM    ,2,3
A-23    ,2,20,FARM    ,2,3
A-23    ,128,40,PLANT   ,0,2
A-23    ,33,43,PLANT   ,0,2
A-23    ,63,44,HOUSE   ,12,1
A-23    ,27,50,FLAG    ,0,4
A-23    ,101,73,HOUSE   ,22,1
A-23    ,69,83,PLANT   ,0,2
A-23    ,35,85,HOUSE   ,23,1
A-23    ,13,89,FARM    ,2,3
A-23    ,110,95,FARM    ,2,3
A-23    ,45,98,FARM    ,2,3
A-23    ,87,117,HOUSE   ,12,1
A-23    ,5,128,PLANT   ,0,2
A-23    ,110,128,PLANT   ,0,2
A-24    ,31,16,PLANT   ,0,2
A-24    ,29,18,FARM    ,2,3
A-24    ,113,24,PLANT   ,0,2
A-24    ,12,41,PLANT   ,0,2
A-24    ,18,41,FARM    ,2,3
A-24    ,73,47,HOUSE   ,32,1
A-24    ,27,50,FLAG    ,0,4
A-24    ,76,83,FARM    ,2,3
A-24    ,108,84,HOUSE   ,32,1
A-24    ,107,94,FARM    ,2,3
A-24    ,80,106,FARM    ,2,3
A-24    ,47,109,HOUSE   ,34,1
A-24    ,30,112,PLANT   ,0,2
A-24    ,68,128,PLANT   ,0,2
A-25    ,26,4,FARM    ,2,3
A-25    ,104,17,PLANT   ,0,2
A-25    ,14,25,FARM    ,2,3
A-25    ,126,29,PLANT   ,0,2
A-25    ,65,35,HOUSE   ,14,1
A-25    ,27,50,FLAG    ,0,4
A-25    ,1,57,PLANT   ,0,2
A-25    ,76,62,PLANT   ,0,2
A-25    ,106,64,HOUSE   ,14,1
A-25    ,3,74,FARM    ,2,3
A-25    ,43,92,HOUSE   ,24,1
A-25    ,24,96,FARM    ,2,3
A-25    ,119,116,PLANT   ,0,2
A-25    ,90,122,HOUSE   ,32,1
A-25    ,9,126,PLANT   ,0,2
A-25    ,32,128,PLANT   ,0,2
A-26    ,32,17,HOUSE   ,21,1
A-26    ,120,17,PLANT   ,0,2
A-26    ,69,31,HOUSE   ,21,1
A-26    ,107,32,PLANT   ,0,2
A-26    ,3,34,PLANT   ,0,2
A-26    ,58,38,FARM    ,2,3
A-26    ,27,50,FLAG    ,0,4
A-26    ,36,54,HOUSE   ,21,1
A-26    ,93,58,PLANT   ,0,2
A-26    ,127,69,PLANT   ,0,2
A-26    ,72,79,FARM    ,2,3
A-26    ,109,86,PLANT   ,0,2
A-26    ,21,87,HOUSE   ,11,1
A-26    ,44,114,HOUSE   ,11,1
A-26    ,120,115,PLANT   ,0,2
A-26    ,2,118,PLANT   ,0,2
A-26    ,26,128,PLANT   ,0,2
A-26    ,80,128,HOUSE   ,11,1
A-26    ,105,128,PLANT   ,0,2
A-27    ,69,19,HOUSE   ,31,1
A-27    ,96,21,PLANT   ,0,2
A-27    ,21,33,HOUSE   ,31,1
A-27    ,122,39,PLANT   ,0,2
A-27    ,1,41,PLANT   ,0,2
A-27    ,27,50,FLAG    ,0,4
A-27    ,89,61,PLANT   ,0,2
A-27    ,52,73,HOUSE   ,21,1
A-27    ,103,89,FARM    ,2,3
A-27    ,20,104,HOUSE   ,11,1
A-27    ,79,109,FARM    ,2,3
A-27    ,1,112,PLANT   ,0,2
A-27    ,114,115,PLANT   ,0,2
A-27    ,57,126,HOUSE   ,11,1
A-27    ,11,128,PLANT   ,0,2
A-28    ,5,11,PLANT   ,0,2
A-28    ,62,21,HOUSE   ,33,1
A-28    ,31,35,PLANT   ,0,2
A-28    ,92,44,HOUSE   ,33,1
A-28    ,27,50,FLAG    ,0,4
A-28    ,10,56,PLANT   ,0,2
A-28    ,2,77,FARM    ,2,3
A-28    ,73,77,PLANT   ,0,2
A-28    ,41,80,HOUSE   ,11,1
A-28    ,103,83,HOUSE   ,13,1
A-28    ,23,96,FARM    ,2,3
A-28    ,81,102,PLANT   ,0,2
A-28    ,65,116,HOUSE   ,11,1
A-28    ,102,118,PLANT   ,0,2
A-28    ,123,130,PLANT   ,0,2
A-29    ,17,14,PLANT   ,0,2
A-29    ,42,23,PLANT   ,0,2
A-29    ,102,34,HOUSE   ,34,1
A-29    ,65,38,HOUSE   ,24,1
A-29    ,5,43,PLANT   ,0,2
A-29    ,27,50,FLAG    ,0,4
A-29    ,28,56,PLANT   ,0,2
A-29    ,17,62,FARM    ,2,3
A-29    ,113,69,HOUSE   ,12,1
A-29    ,63,81,HOUSE   ,12,1
A-29    ,1,89,PLANT   ,0,2
A-29    ,106,114,HOUSE   ,22,1
A-29    ,36,122,PLANT   ,0,2
A-29    ,12,128,PLANT   ,0,2
A-29    ,56,132,PLANT   ,0,2
A-3     ,32,15,PLANT   ,0,2
A-3     ,40,20,PLANT   ,0,2
A-3     ,100,40,PLANT   ,0,2
A-3     ,15,48,HOUSE   ,12,1
A-3     ,50,48,HOUSE   ,12,1
A-3     ,27,50,FLAG    ,0,4
A-3     ,50,50,FARM    ,2,3
A-3     ,27,75,FARM    ,2,3
A-3     ,128,75,PLANT   ,0,2
A-3     ,25,90,FARM    ,2,3
A-3     ,70,90,HOUSE   ,12,1
A-3     ,114,114,HOUSE   ,12,1
A-3     ,5,120,PLANT   ,0,2
A-3     ,68,120,PLANT   ,0,2
A-3     ,90,125,PLANT   ,0,2
A-30    ,96,16,PLANT   ,0,2
A-30    ,33,17,PLANT   ,0,2
A-30    ,75,31,PLANT   ,0,2
A-30    ,124,34,PLANT   ,0,2
A-30    ,56,41,PLANT   ,0,2
A-30    ,27,50,FLAG    ,0,4
A-30    ,12,53,PLANT   ,0,2
A-30    ,36,67,PLANT   ,0,2
A-30    ,92,73,HOUSE   ,13,1
A-30    ,38,74,FARM    ,2,3
A-30    ,46,107,FARM    ,2,3
A-30    ,125,108,PLANT   ,0,2
A-30    ,19,110,PLANT   ,0,2
A-30    ,104,122,PLANT   ,0,2
A-31    ,32,12,PLANT   ,0,2
A-31    ,109,29,PLANT   ,0,2
A-31    ,7,34,PLANT   ,0,2
A-31    ,93,44,PLANT   ,0,2
A-31    ,50,47,HOUSE   ,11,1
A-31    ,27,50,FLAG    ,0,4
A-31    ,88,65,FARM    ,2,3
A-31    ,122,65,PLANT   ,0,2
A-31    ,19,77,PLANT   ,0,2
A-31    ,6,90,PLANT   ,0,2
A-31    ,69,102,FARM    ,2,3
A-31    ,38,111,PLANT   ,0,2
A-31    ,117,113,PLANT   ,0,2
A-31    ,94,128,PLANT   ,0,2
A-32    ,44,15,PLANT   ,0,2
A-32    ,100,19,PLANT   ,0,2
A-32    ,44,23,FARM    ,2,3
A-32    ,71,23,PLANT   ,0,2
A-32    ,20,30,PLANT   ,0,2
A-32    ,73,30,FARM    ,2,3
A-32    ,27,50,FLAG    ,0,4
A-32    ,65,55,FARM    ,2,3
A-32    ,116,60,PLANT   ,0,2
A-32    ,31,67,PLANT   ,0,2
A-32    ,14,88,PLANT   ,0,2
A-32    ,101,98,PLANT   ,0,2
A-32    ,78,122,HOUSE   ,12,1
A-32    ,119,124,PLANT   ,0,2
A-33    ,102,26,PLANT   ,0,2
A-33    ,9,34,PLANT   ,0,2
A-33    ,125,34,PLANT   ,0,2
A-33    ,57,40,HOUSE   ,14,1
A-33    ,35,44,PLANT   ,0,2
A-33    ,27,50,FLAG    ,0,4
A-33    ,85,71,HOUSE   ,14,1
A-33    ,118,75,PLANT   ,0,2
A-33    ,62,77,FARM    ,2,3
A-33    ,100,85,FARM    ,2,3
A-33    ,24,102,PLANT   ,0,2
A-33    ,69,104,FARM    ,2,3
A-33    ,118,106,PLANT   ,0,2
A-33    ,9,125,PLANT   ,0,2
A-33    ,43,125,PLANT   ,0,2
A-34    ,122,26,PLANT   ,0,2
A-34    ,45,30,PLANT   ,0,2
A-34    ,23,41,PLANT   ,0,2
A-34    ,98,41,HOUSE   ,13,1
A-34    ,21,46,FARM    ,2,3
A-34    ,27,50,FLAG    ,0,4
A-34    ,82,63,FARM    ,2,3
A-34    ,110,66,PLANT   ,0,2
A-34    ,13,91,PLANT   ,0,2
A-34    ,62,112,HOUSE   ,13,1
A-34    ,118,118,PLANT   ,0,2
A-34    ,93,128,PLANT   ,0,2
A-35    ,28,1,FARM    ,2,3
A-35    ,69,13,FARM    ,2,3
A-35    ,102,17,PLANT   ,0,2
A-35    ,15,28,PLANT   ,0,2
A-35    ,118,30,PLANT   ,0,2
A-35    ,18,34,FARM    ,2,3
A-35    ,56,46,PLANT   ,0,2
A-35    ,27,50,FLAG    ,0,4
A-35    ,114,81,HOUSE   ,14,1
A-35    ,12,109,PLANT   ,0,2
A-35    ,123,113,PLANT   ,0,2
A-35    ,68,123,HOUSE   ,14,1
A-35    ,101,126,PLANT   ,0,2
A-35    ,35,128,PLANT   ,0,2
A-36    ,116,20,PLANT   ,0,2
A-36    ,19,27,PLANT   ,0,2
A-36    ,64,30,HOUSE   ,12,1
A-36    ,12,33,FARM    ,2,3
A-36    ,27,50,FLAG    ,0,4
A-36    ,95,52,PLANT   ,0,2
A-36    ,4,54,PLANT   ,0,2
A-36    ,116,60,HOUSE   ,12,1
A-36    ,68,70,HOUSE   ,12,1
A-36    ,11,86,HOUSE   ,12,1
A-36    ,26,89,FARM    ,2,3
A-36    ,105,110,HOUSE   ,12,1
A-36    ,114,123,PLANT   ,0,2
A-36    ,24,127,PLANT   ,0,2
A-36    ,67,128,HOUSE   ,12,1
A-37    ,117,20,PLANT   ,0,2
A-37    ,62,28,HOUSE   ,23,1
A-37    ,18,44,HOUSE   ,13,1
A-37    ,27,50,FLAG    ,0,4
A-37    ,102,61,HOUSE   ,23,1
A-37    ,82,66,FARM    ,2,3
A-37    ,116,68,PLANT   ,0,2
A-37    ,55,78,HOUSE   ,13,1
A-37    ,6,89,PLANT   ,0,2
A-37    ,34,115,HOUSE   ,13,1
A-37    ,115,119,PLANT   ,0,2
A-37    ,81,120,HOUSE   ,13,1
A-37    ,95,128,PLANT   ,0,2
A-38    ,36,22,PLANT   ,0,2
A-38    ,124,30,PLANT   ,0,2
A-38    ,15,39,PLANT   ,0,2
A-38    ,69,41,HOUSE   ,31,1
A-38    ,105,44,PLANT   ,0,2
A-38    ,27,50,FLAG    ,0,4
A-38    ,34,69,HOUSE   ,11,1
A-38    ,108,75,HOUSE   ,11,1
A-38    ,69,90,HOUSE   ,11,1
A-38    ,31,109,HOUSE   ,11,1
A-38    ,10,110,PLANT   ,0,2
A-38    ,52,111,FARM    ,2,3
A-38    ,100,118,HOUSE   ,11,1
A-38    ,115,124,PLANT   ,0,2
A-39    ,88,5,PLANT   ,0,2
A-39    ,44,17,PLANT   ,0,2
A-39    ,21,24,PLANT   ,0,2
A-39    ,16,33,FARM    ,2,3
A-39    ,128,35,PLANT   ,0,2
A-39    ,101,38,HOUSE   ,24,1
A-39    ,27,50,FLAG    ,0,4
A-39    ,97,51,PLANT   ,0,2
A-39    ,70,54,HOUSE   ,24,1
A-39    ,32,66,FARM    ,2,3
A-39    ,14,77,PLANT   ,0,2
A-39    ,101,91,HOUSE   ,24,1
A-39    ,17,99,PLANT   ,0,2
A-39    ,79,108,HOUSE   ,24,1
A-39    ,35,122,HOUSE   ,14,1
A-39    ,100,126,HOUSE   ,14,1
A-39    ,107,128,PLANT   ,0,2
A-4     ,100,5,PLANT   ,0,2
A-4     ,70,15,PLANT   ,0,2
A-4     ,32,32,HOUSE   ,32,1
A-4     ,128,32,PLANT   ,0,2
A-4     ,38,35,FARM    ,2,3
A-4     ,27,50,FLAG    ,0,4
A-4     ,45,64,FARM    ,2,3
A-4     ,96,64,HOUSE   ,32,1
A-4     ,28,85,PLANT   ,0,2
A-4     ,100,114,PLANT   ,0,2
A-4     ,32,120,PLANT   ,0,2
A-4     ,64,128,HOUSE   ,32,1
A-4     ,120,128,PLANT   ,0,2
A-40    ,6,15,PLANT   ,0,2
A-40    ,33,22,HOUSE   ,13,1
A-40    ,126,24,PLANT   ,0,2
A-40    ,53,30,PLANT   ,0,2
A-40    ,76,31,HOUSE   ,13,1
A-40    ,102,36,PLANT   ,0,2
A-40    ,27,50,FLAG    ,0,4
A-40    ,25,63,HOUSE   ,13,1
A-40    ,7,67,PLANT   ,0,2
A-40    ,13,73,FARM    ,2,3
A-40    ,106,75,HOUSE   ,13,1
A-40    ,43,76,PLANT   ,0,2
A-40    ,70,81,HOUSE   ,33,1
A-40    ,85,95,PLANT   ,0,2
A-40    ,5,99,FARM    ,2,3
A-40    ,112,117,HOUSE   ,13,1
A-40    ,62,122,HOUSE   ,13,1
A-40    ,8,124,PLANT   ,0,2
A-40    ,128,128,PLANT   ,0,2
A-41    ,58,18,HOUSE   ,12,1
A-41    ,19,30,HOUSE   ,12,1
A-41    ,79,32,PLANT   ,0,2
A-41    ,52,34,FARM    ,2,3
A-41    ,38,35,PLANT   ,0,2
A-41    ,111,45,HOUSE   ,32,1
A-41    ,27,50,FLAG    ,0,4
A-41    ,28,69,HOUSE   ,12,1
A-41    ,98,72,PLANT   ,0,2
A-41    ,121,72,PLANT   ,0,2
A-41    ,51,74,PLANT   ,0,2
A-41    ,68,76,FARM    ,2,3
A-41    ,25,103,HOUSE   ,12,1
A-41    ,106,117,HOUSE   ,12,1
A-41    ,126,119,PLANT   ,0,2
A-41    ,32,126,PLANT   ,0,2
A-41    ,64,126,HOUSE   ,12,1
A-42    ,29,6,PLANT   ,0,2
A-42    ,115,21,PLANT   ,0,2
A-42    ,50,22,HOUSE   ,14,1
A-42    ,90,23,HOUSE   ,14,1
A-42    ,4,29,PLANT   ,0,2
A-42    ,58,32,FARM    ,2,3
A-42    ,27,50,FLAG    ,0,4
A-42    ,100,66,HOUSE   ,34,1
A-42    ,22,70,HOUSE   ,24,1
A-42    ,53,72,PLANT   ,0,2
A-42    ,5,80,FARM    ,2,3
A-42    ,97,88,PLANT   ,0,2
A-42    ,112,112,HOUSE   ,14,1
A-42    ,45,120,HOUSE   ,14,1
A-42    ,4,127,PLANT   ,0,2
A-42    ,86,131,HOUSE   ,14,1
A-42    ,25,132,PLANT   ,0,2
A-43    ,33,8,PLANT   ,0,2
A-43    ,60,20,HOUSE   ,12,1
A-43    ,112,34,HOUSE   ,31,1
A-43    ,20,37,HOUSE   ,12,1
A-43    ,82,38,PLANT   ,0,2
A-43    ,66,49,FARM    ,2,3
A-43    ,27,50,FLAG    ,0,4
A-43    ,48,50,PLANT   ,0,2
A-43    ,4,63,PLANT   ,0,2
A-43    ,51,73,FARM    ,2,3
A-43    ,106,77,HOUSE   ,12,1
A-43    ,29,110,HOUSE   ,31,1
A-43    ,111,114,HOUSE   ,12,1
A-43    ,124,123,PLANT   ,0,2
A-43    ,74,124,HOUSE   ,12,1
A-43    ,12,125,PLANT   ,0,2
A-44    ,35,26,PLANT   ,0,2
A-44    ,62,31,PLANT   ,0,2
A-44    ,86,35,PLANT   ,0,2
A-44    ,129,35,PLANT   ,0,2
A-44    ,27,50,FLAG    ,0,4
A-44    ,16,56,PLANT   ,0,2
A-44    ,109,60,PLANT   ,0,2
A-44    ,75,63,PLANT   ,0,2
A-44    ,32,90,PLANT   ,0,2
A-44    ,8,93,FARM    ,2,3
A-44    ,125,100,PLANT   ,0,2
A-44    ,89,101,FARM    ,2,3
A-44    ,60,108,HOUSE   ,11,1
A-44    ,115,127,PLANT   ,0,2
A-45    ,101,19,PLANT   ,0,2
A-45    ,75,22,PLANT   ,0,2
A-45    ,131,32,PLANT   ,0,2
A-45    ,30,45,PLANT   ,0,2
A-45    ,14,49,FARM    ,2,3
A-45    ,56,49,PLANT   ,0,2
A-45    ,27,50,FLAG    ,0,4
A-45    ,48,56,PLANT   ,0,2
A-45    ,102,65,HOUSE   ,13,1
A-45    ,127,78,PLANT   ,0,2
A-45    ,7,97,FARM    ,2,3
A-45    ,76,105,PLANT   ,0,2
A-45    ,96,106,PLANT   ,0,2
A-45    ,117,115,PLANT   ,0,2
A-46    ,21,24,PLANT   ,0,2
A-46    ,48,27,HOUSE   ,11,1
A-46    ,76,28,PLANT   ,0,2
A-46    ,98,43,PLANT   ,0,2
A-46    ,2,46,PLANT   ,0,2
A-46    ,27,50,FLAG    ,0,4
A-46    ,32,67,PLANT   ,0,2
A-46    ,118,76,PLANT   ,0,2
A-46    ,16,91,FARM    ,2,3
A-46    ,59,91,PLANT   ,0,2
A-46    ,120,104,PLANT   ,0,2
A-46    ,37,112,FARM    ,2,3
A-46    ,82,115,PLANT   ,0,2
A-47    ,71,23,PLANT   ,0,2
A-47    ,41,28,PLANT   ,0,2
A-47    ,101,35,PLANT   ,0,2
A-47    ,27,50,FLAG    ,0,4
A-47    ,18,57,PLANT   ,0,2
A-47    ,119,60,PLANT   ,0,2
A-47    ,88,77,HOUSE   ,13,1
A-47    ,76,85,FARM    ,2,3
A-47    ,12,95,PLANT   ,0,2
A-47    ,109,96,FARM    ,2,3
A-47    ,39,115,PLANT   ,0,2
A-47    ,26,128,PLANT   ,0,2
A-48    ,79,10,PLANT   ,0,2
A-48    ,110,21,PLANT   ,0,2
A-48    ,62,25,PLANT   ,0,2
A-48    ,23,29,PLANT   ,0,2
A-48    ,42,38,FARM    ,2,3
A-48    ,27,50,FLAG    ,0,4
A-48    ,93,57,HOUSE   ,14,1
A-48    ,14,62,PLANT   ,0,2
A-48    ,73,67,FARM    ,2,3
A-48    ,122,84,PLANT   ,0,2
A-48    ,37,96,HOUSE   ,14,1
A-48    ,17,116,PLANT   ,0,2
A-48    ,111,117,PLANT   ,0,2
A-48    ,39,128,PLANT   ,0,2
A-48    ,87,130,PLANT   ,0,2
A-49    ,42,16,PLANT   ,0,2
A-49    ,99,16,PLANT   ,0,2
A-49    ,70,17,PLANT   ,0,2
A-49    ,17,20,PLANT   ,0,2
A-49    ,125,22,PLANT   ,0,2
A-49    ,27,29,FARM    ,2,3
A-49    ,27,50,FLAG    ,0,4
A-49    ,6,51,PLANT   ,0,2
A-49    ,85,58,HOUSE   ,12,1
A-49    ,121,60,PLANT   ,0,2
A-49    ,95,69,FARM    ,2,3
A-49    ,14,88,PLANT   ,0,2
A-49    ,43,96,HOUSE   ,11,1
A-49    ,128,96,PLANT   ,0,2
A-49    ,10,118,PLANT   ,0,2
A-49    ,121,128,PLANT   ,0,2
A-5     ,72,4,PLANT   ,0,2
A-5     ,75,7,FARM    ,2,3
A-5     ,42,24,HOUSE   ,14,1
A-5     ,13,29,PLANT   ,0,2
A-5     ,119,29,PLANT   ,0,2
A-5     ,63,38,PLANT   ,0,2
A-5     ,27,50,FLAG    ,0,4
A-5     ,94,61,HOUSE   ,14,1
A-5     ,127,61,PLANT   ,0,2
A-5     ,5,62,PLANT   ,0,2
A-5     ,76,84,PLANT   ,0,2
A-5     ,42,91,HOUSE   ,33,1
A-5     ,21,105,PLANT   ,0,2
A-5     ,66,108,FARM    ,2,3
A-5     ,104,114,HOUSE   ,24,1
A-5     ,124,124,PLANT   ,0,2
A-5     ,56,125,PLANT   ,0,2
A-50    ,69,17,PLANT   ,0,2
A-50    ,10,27,PLANT   ,0,2
A-50    ,92,34,PLANT   ,0,2
A-50    ,124,35,PLANT   ,0,2
A-50    ,38,47,HOUSE   ,13,1
A-50    ,27,50,FLAG    ,0,4
A-50    ,107,66,PLANT   ,0,2
A-50    ,128,70,PLANT   ,0,2
A-50    ,67,87,HOUSE   ,13,1
A-50    ,15,100,FARM    ,2,3
A-50    ,76,100,FARM    ,2,3
A-50    ,115,107,PLANT   ,0,2
A-50    ,47,113,FARM    ,2,3
A-50    ,7,122,PLANT   ,0,2
A-51    ,43,4,FARM    ,2,3
A-51    ,27,25,PLANT   ,0,2
A-51    ,128,31,PLANT   ,0,2
A-51    ,21,34,FARM    ,2,3
A-51    ,7,35,PLANT   ,0,2
A-51    ,27,50,FLAG    ,0,4
A-51    ,91,56,HOUSE   ,11,1
A-51    ,119,66,PLANT   ,0,2
A-51    ,95,76,FARM    ,2,3
A-51    ,12,89,PLANT   ,0,2
A-51    ,50,96,HOUSE   ,11,1
A-51    ,128,101,PLANT   ,0,2
A-51    ,77,111,FARM    ,2,3
A-51    ,1,123,PLANT   ,0,2
A-51    ,120,128,PLANT   ,0,2
A-52    ,71,4,FARM    ,2,3
A-52    ,39,8,FARM    ,2,3
A-52    ,24,23,PLANT   ,0,2
A-52    ,24,23,FARM    ,2,3
A-52    ,1,28,PLANT   ,0,2
A-52    ,112,34,HOUSE   ,14,1
A-52    ,27,50,FLAG    ,0,4
A-52    ,19,53,FARM    ,2,3
A-52    ,116,62,HOUSE   ,14,1
A-52    ,1,67,PLANT   ,0,2
A-52    ,87,92,HOUSE   ,24,1
A-52    ,30,121,HOUSE   ,14,1
A-52    ,126,127,PLANT   ,0,2
A-52    ,4,128,PLANT   ,0,2
A-52    ,102,128,PLANT   ,0,2
A-52    ,78,130,HOUSE   ,14,1
A-53    ,68,15,HOUSE   ,22,1
A-53    ,20,36,HOUSE   ,22,1
A-53    ,99,38,HOUSE   ,22,1
A-53    ,68,42,FARM    ,2,3
A-53    ,27,50,FLAG    ,0,4
A-53    ,128,53,PLANT   ,0,2
A-53    ,52,57,FARM    ,2,3
A-53    ,20,83,HOUSE   ,22,1
A-53    ,99,85,HOUSE   ,22,1
A-53    ,1,101,PLANT   ,0,2
A-53    ,128,113,PLANT   ,0,2
A-53    ,63,123,HOUSE   ,32,1
A-53    ,9,128,PLANT   ,0,2
A-53    ,111,128,PLANT   ,0,2
A-54    ,36,15,PLANT   ,0,2
A-54    ,128,22,PLANT   ,0,2
A-54    ,103,23,HOUSE   ,13,1
A-54    ,62,27,HOUSE   ,13,1
A-54    ,18,49,HOUSE   ,13,1
A-54    ,27,50,FLAG    ,0,4
A-54    ,112,54,HOUSE   ,13,1
A-54    ,83,71,HOUSE   ,13,1
A-54    ,128,77,PLANT   ,0,2
A-54    ,82,87,FARM    ,2,3
A-54    ,47,93,HOUSE   ,13,1
A-54    ,53,103,FARM    ,2,3
A-54    ,6,109,PLANT   ,0,2
A-54    ,87,109,FARM    ,2,3
A-54    ,118,112,PLANT   ,0,2
A-54    ,23,127,PLANT   ,0,2
A-55    ,32,14,PLANT   ,0,2
A-55    ,103,14,PLANT   ,0,2
A-55    ,127,23,PLANT   ,0,2
A-55    ,8,32,PLANT   ,0,2
A-55    ,41,49,HOUSE   ,21,1
A-55    ,27,50,FLAG    ,0,4
A-55    ,100,52,HOUSE   ,21,1
A-55    ,1,72,PLANT   ,0,2
A-55    ,47,90,HOUSE   ,21,1
A-55    ,99,97,HOUSE   ,21,1
A-55    ,74,102,PLANT   ,0,2
A-55    ,80,108,FARM    ,2,3
A-55    ,39,113,FARM    ,2,3
A-55    ,20,123,HOUSE   ,11,1
A-55    ,108,127,HOUSE   ,11,1
A-56    ,60,13,PLANT   ,0,2
A-56    ,106,14,PLANT   ,0,2
A-56    ,84,21,PLANT   ,0,2
A-56    ,128,24,PLANT   ,0,2
A-56    ,29,29,HOUSE   ,13,1
A-56    ,99,46,PLANT   ,0,2
A-56    ,27,50,FLAG    ,0,4
A-56    ,123,61,PLANT   ,0,2
A-56    ,36,68,HOUSE   ,13,1
A-56    ,77,69,HOUSE   ,23,1
A-56    ,94,70,FARM    ,2,3
A-56    ,128,98,PLANT   ,0,2
A-56    ,13,103,HOUSE   ,13,1
A-56    ,80,108,HOUSE   ,13,1
A-56    ,117,116,HOUSE   ,13,1
A-56    ,51,133,HOUSE   ,13,1
A-57    ,83,16,HOUSE   ,13,1
A-57    ,113,17,PLANT   ,0,2
A-57    ,17,21,PLANT   ,0,2
A-57    ,42,30,HOUSE   ,13,1
A-57    ,57,50,FLAG    ,0,4
A-57    ,128,55,PLANT   ,0,2
A-57    ,101,57,HOUSE   ,13,1
A-57    ,12,60,HOUSE   ,13,1
A-57    ,65,89,HOUSE   ,33,1
A-57    ,114,93,HOUSE   ,13,1
A-57    ,26,94,FARM    ,2,3
A-57    ,128,119,PLANT   ,0,2
A-57    ,3,128,PLANT   ,0,2
A-57    ,21,128,PLANT   ,0,2
A-57    ,112,128,PLANT   ,0,2
A-57    ,91,131,HOUSE   ,13,1
A-58    ,4,29,PLANT   ,0,2
A-58    ,107,30,HOUSE   ,34,1
A-58    ,70,32,HOUSE   ,34,1
A-58    ,33,33,HOUSE   ,14,1
A-58    ,17,47,FARM    ,2,3
A-58    ,27,50,FLAG    ,0,4
A-58    ,1,66,PLANT   ,0,2
A-58    ,78,71,HOUSE   ,14,1
A-58    ,115,71,HOUSE   ,24,1
A-58    ,6,82,PLANT   ,0,2
A-58    ,14,94,FARM    ,2,3
A-58    ,111,111,HOUSE   ,24,1
A-58    ,78,114,HOUSE   ,14,1
A-58    ,41,124,PLANT   ,0,2
A-58    ,128,126,PLANT   ,0,2
A-58    ,2,128,PLANT   ,0,2
A-58    ,60,128,PLANT   ,0,2
A-59    ,50,15,HOUSE   ,11,1
A-59    ,128,22,PLANT   ,0,2
A-59    ,96,24,HOUSE   ,11,1
A-59    ,20,39,PLANT   ,0,2
A-59    ,27,50,FLAG    ,0,4
A-59    ,21,55,FARM    ,2,3
A-59    ,114,55,HOUSE   ,11,1
A-59    ,61,64,PLANT   ,0,2
A-59    ,86,64,HOUSE   ,21,1
A-59    ,2,65,PLANT   ,0,2
A-59    ,97,84,HOUSE   ,11,1
A-59    ,44,87,FARM    ,2,3
A-59    ,74,91,FARM    ,2,3
A-59    ,33,127,PLANT   ,0,2
A-59    ,9,128,PLANT   ,0,2
A-59    ,63,128,HOUSE   ,11,1
A-59    ,109,128,HOUSE   ,11,1
A-59    ,128,128,PLANT   ,0,2
A-6     ,31,26,PLANT   ,0,2
A-6     ,125,31,PLANT   ,0,2
A-6     ,59,40,PLANT   ,0,2
A-6     ,43,48,FARM    ,2,3
A-6     ,27,50,FLAG    ,0,4
A-6     ,29,53,HOUSE   ,11,1
A-6     ,91,58,HOUSE   ,34,1
A-6     ,2,69,PLANT   ,0,2
A-6     ,36,106,HOUSE   ,13,1
A-6     ,90,108,HOUSE   ,22,1
A-6     ,79,111,FARM    ,2,3
A-6     ,65,117,PLANT   ,0,2
A-6     ,10,123,PLANT   ,0,2
A-6     ,116,125,PLANT   ,0,2
A-60    ,48,20,HOUSE   ,13,1
A-60    ,127,21,PLANT   ,0,2
A-60    ,7,27,PLANT   ,0,2
A-60    ,91,32,HOUSE   ,13,1
A-60    ,27,50,FLAG    ,0,4
A-60    ,19,54,HOUSE   ,13,1
A-60    ,102,59,HOUSE   ,13,1
A-60    ,61,67,HOUSE   ,13,1
A-60    ,54,71,FARM    ,2,3
A-60    ,18,92,HOUSE   ,13,1
A-60    ,106,99,HOUSE   ,24,1
A-60    ,40,113,PLANT   ,0,2
A-60    ,16,128,PLANT   ,0,2
A-60    ,78,128,HOUSE   ,24,1
A-60    ,125,128,PLANT   ,0,2
A-61    ,1,25,PLANT   ,0,2
A-61    ,70,27,HOUSE   ,13,1
A-61    ,25,32,HOUSE   ,13,1
A-61    ,115,38,HOUSE   ,13,1
A-61    ,15,39,FARM    ,2,3
A-61    ,27,50,FLAG    ,0,4
A-61    ,69,69,HOUSE   ,13,1
A-61    ,68,73,FARM    ,2,3
A-61    ,105,83,HOUSE   ,14,1
A-61    ,23,113,HOUSE   ,14,1
A-61    ,112,125,HOUSE   ,14,1
A-61    ,43,126,PLANT   ,0,2
A-61    ,67,127,HOUSE   ,14,1
A-61    ,8,128,PLANT   ,0,2
A-61    ,128,128,PLANT   ,0,2
A-62    ,74,20,HOUSE   ,12,1
A-62    ,4,28,PLANT   ,0,2
A-62    ,28,29,HOUSE   ,12,1
A-62    ,115,37,HOUSE   ,12,1
A-62    ,27,50,FLAG    ,0,4
A-62    ,64,66,HOUSE   ,23,1
A-62    ,7,71,HOUSE   ,12,1
A-62    ,114,92,HOUSE   ,23,1
A-62    ,40,106,HOUSE   ,12,1
A-62    ,1,108,PLANT   ,0,2
A-62    ,128,119,PLANT   ,0,2
A-62    ,85,124,HOUSE   ,12,1
A-62    ,12,128,PLANT   ,0,2
A-62    ,110,128,PLANT   ,0,2
A-63    ,53,23,HOUSE   ,12,1
A-63    ,31,31,PLANT   ,0,2
A-63    ,128,31,PLANT   ,0,2
A-63    ,41,33,FARM    ,2,3
A-63    ,92,35,HOUSE   ,12,1
A-63    ,13,38,HOUSE   ,12,1
A-63    ,27,50,FLAG    ,0,4
A-63    ,112,56,PLANT   ,0,2
A-63    ,70,78,HOUSE   ,12,1
A-63    ,23,82,HOUSE   ,12,1
A-63    ,106,92,HOUSE   ,33,1
A-63    ,2,98,PLANT   ,0,2
A-63    ,37,120,HOUSE   ,12,1
A-63    ,106,122,PLANT   ,0,2
A-63    ,1,128,PLANT   ,0,2
A-63    ,74,128,HOUSE   ,34,1
A-64    ,60,16,HOUSE   ,11,1
A-64    ,101,19,PLANT   ,0,2
A-64    ,13,22,HOUSE   ,11,1
A-64    ,126,31,PLANT   ,0,2
A-64    ,82,44,HOUSE   ,11,1
A-64    ,27,50,FLAG    ,0,4
A-64    ,24,58,HOUSE   ,11,1
A-64    ,4,67,PLANT   ,0,2
A-64    ,100,72,HOUSE   ,11,1
A-64    ,83,82,FARM    ,2,3
A-64    ,63,84,HOUSE   ,31,1
A-64    ,111,98,HOUSE   ,11,1
A-64    ,36,100,HOUSE   ,11,1
A-64    ,15,103,PLANT   ,0,2
A-64    ,74,105,FARM    ,2,3
A-64    ,1,127,PLANT   ,0,2
A-64    ,107,128,PLANT   ,0,2
A-64    ,57,131,HOUSE   ,11,1
A-65    ,128,14,PLANT   ,0,2
A-65    ,51,16,HOUSE   ,12,1
A-65    ,116,23,PLANT   ,0,2
A-65    ,1,24,PLANT   ,0,2
A-65    ,85,27,HOUSE   ,12,1
A-65    ,49,30,FARM    ,2,3
A-65    ,14,42,HOUSE   ,12,1
A-65    ,100,49,HOUSE   ,13,1
A-65    ,27,50,FLAG    ,0,4
A-65    ,1,58,PLANT   ,0,2
A-65    ,78,80,HOUSE   ,13,1
A-65    ,32,81,HOUSE   ,12,1
A-65    ,103,94,HOUSE   ,13,1
A-65    ,128,108,PLANT   ,0,2
A-65    ,14,120,PLANT   ,0,2
A-65    ,49,123,HOUSE   ,13,1
A-65    ,1,128,PLANT   ,0,2
A-65    ,98,128,HOUSE   ,13,1
A-65    ,117,128,PLANT   ,0,2
A-66    ,76,22,HOUSE   ,13,1
A-66    ,11,24,PLANT   ,0,2
A-66    ,128,28,PLANT   ,0,2
A-66    ,36,30,HOUSE   ,13,1
A-66    ,112,40,HOUSE   ,13,1
A-66    ,27,50,FLAG    ,0,4
A-66    ,12,63,HOUSE   ,13,1
A-66    ,70,67,HOUSE   ,31,1
A-66    ,58,82,FARM    ,2,3
A-66    ,124,86,HOUSE   ,13,1
A-66    ,19,104,HOUSE   ,13,1
A-66    ,128,111,PLANT   ,0,2
A-66    ,6,123,PLANT   ,0,2
A-66    ,95,126,HOUSE   ,13,1
A-66    ,27,127,PLANT   ,0,2
A-66    ,52,128,HOUSE   ,13,1
A-66    ,113,128,PLANT   ,0,2
A-67    ,80,17,HOUSE   ,11,1
A-67    ,37,25,HOUSE   ,11,1
A-67    ,16,27,PLANT   ,0,2
A-67    ,106,40,HOUSE   ,11,1
A-67    ,27,50,FLAG    ,0,4
A-67    ,65,63,HOUSE   ,11,1
A-67    ,17,75,HOUSE   ,23,1
A-67    ,113,82,HOUSE   ,11,1
A-67    ,3,99,PLANT   ,0,2
A-67    ,79,105,HOUSE   ,11,1
A-67    ,112,120,HOUSE   ,11,1
A-67    ,33,123,HOUSE   ,23,1
A-67    ,101,127,PLANT   ,0,2
A-67    ,52,128,PLANT   ,0,2
A-68    ,57,25,HOUSE   ,11,1
A-68    ,4,32,PLANT   ,0,2
A-68    ,124,34,PLANT   ,0,2
A-68    ,24,35,HOUSE   ,11,1
A-68    ,95,41,HOUSE   ,21,1
A-68    ,27,50,FLAG    ,0,4
A-68    ,10,68,HOUSE   ,11,1
A-68    ,119,80,HOUSE   ,11,1
A-68    ,69,81,HOUSE   ,31,1
A-68    ,78,84,FARM    ,2,3
A-68    ,39,105,HOUSE   ,21,1
A-68    ,20,110,PLANT   ,0,2
A-68    ,116,114,HOUSE   ,11,1
A-68    ,127,117,PLANT   ,0,2
A-68    ,6,128,PLANT   ,0,2
A-68    ,110,128,PLANT   ,0,2
A-68    ,84,131,HOUSE   ,11,1
A-69    ,103,18,HOUSE   ,13,1
A-69    ,6,22,PLANT   ,0,2
A-69    ,33,28,HOUSE   ,13,1
A-69    ,81,37,HOUSE   ,13,1
A-69    ,78,41,FARM    ,2,3
A-69    ,128,42,PLANT   ,0,2
A-69    ,112,48,PLANT   ,0,2
A-69    ,27,50,FLAG    ,0,4
A-69    ,9,61,HOUSE   ,13,1
A-69    ,58,73,HOUSE   ,13,1
A-69    ,103,80,HOUSE   ,14,1
A-69    ,67,83,FARM    ,2,3
A-69    ,17,111,HOUSE   ,14,1
A-69    ,110,114,HOUSE   ,14,1
A-69    ,40,118,PLANT   ,0,2
A-69    ,128,127,PLANT   ,0,2
A-69    ,3,128,PLANT   ,0,2
A-69    ,66,128,HOUSE   ,14,1
A-69    ,105,128,PLANT   ,0,2
A-7     ,71,13,PLANT   ,0,2
A-7     ,2,18,PLANT   ,0,2
A-7     ,117,19,PLANT   ,0,2
A-7     ,61,21,FARM    ,2,3
A-7     ,99,31,PLANT   ,0,2
A-7     ,34,34,HOUSE   ,22,1
A-7     ,17,39,FARM    ,2,3
A-7     ,27,50,FLAG    ,0,4
A-7     ,93,84,HOUSE   ,32,1
A-7     ,62,92,PLANT   ,0,2
A-7     ,31,99,HOUSE   ,13,1
A-7     ,41,102,FARM    ,2,3
A-7     ,8,113,PLANT   ,0,2
A-7     ,112,116,PLANT   ,0,2
A-7     ,84,127,HOUSE   ,13,1
A-70    ,123,21,PLANT   ,0,2
A-70    ,39,23,HOUSE   ,12,1
A-70    ,92,34,HOUSE   ,33,1
A-70    ,8,40,HOUSE   ,12,1
A-70    ,69,41,FARM    ,2,3
A-70    ,128,41,PLANT   ,0,2
A-70    ,27,50,FLAG    ,0,4
A-70    ,48,66,HOUSE   ,12,1
A-70    ,118,79,HOUSE   ,33,1
A-70    ,11,87,HOUSE   ,12,1
A-70    ,35,89,PLANT   ,0,2
A-70    ,128,89,PLANT   ,0,2
A-70    ,69,108,HOUSE   ,12,1
A-70    ,4,116,PLANT   ,0,2
A-70    ,112,119,HOUSE   ,12,1
A-70    ,31,126,HOUSE   ,12,1
A-70    ,89,127,PLANT   ,0,2
A-71    ,46,17,HOUSE   ,14,1
A-71    ,89,21,HOUSE   ,24,1
A-71    ,80,40,PLANT   ,0,2
A-71    ,8,44,HOUSE   ,14,1
A-71    ,77,47,FARM    ,2,3
A-71    ,111,49,HOUSE   ,34,1
A-71    ,27,50,FLAG    ,0,4
A-71    ,50,53,HOUSE   ,24,1
A-71    ,16,94,HOUSE   ,13,1
A-71    ,66,97,HOUSE   ,23,1
A-71    ,110,98,HOUSE   ,33,1
A-71    ,128,114,PLANT   ,0,2
A-71    ,1,115,PLANT   ,0,2
A-71    ,18,128,PLANT   ,0,2
A-71    ,93,128,HOUSE   ,23,1
A-71    ,47,133,HOUSE   ,13,1
A-72    ,63,20,HOUSE   ,13,1
A-72    ,109,23,HOUSE   ,13,1
A-72    ,19,30,HOUSE   ,13,1
A-72    ,128,36,PLANT   ,0,2
A-72    ,27,50,FLAG    ,0,4
A-72    ,50,59,HOUSE   ,13,1
A-72    ,120,62,PLANT   ,0,2
A-72    ,93,63,HOUSE   ,13,1
A-72    ,9,85,HOUSE   ,22,1
A-72    ,112,96,HOUSE   ,13,1
A-72    ,73,99,HOUSE   ,13,1
A-72    ,1,118,PLANT   ,0,2
A-72    ,36,122,HOUSE   ,22,1
A-72    ,16,128,PLANT   ,0,2
A-72    ,96,131,HOUSE   ,13,1
A-73    ,25,24,HOUSE   ,13,1
A-73    ,105,28,HOUSE   ,13,1
A-73    ,74,33,HOUSE   ,13,1
A-73    ,54,40,FARM    ,2,3
A-73    ,27,50,FLAG    ,0,4
A-73    ,90,51,PLANT   ,0,2
A-73    ,114,68,HOUSE   ,12,1
A-73    ,21,69,HOUSE   ,13,1
A-73    ,68,91,HOUSE   ,12,1
A-73    ,16,104,HOUSE   ,12,1
A-73    ,51,126,HOUSE   ,12,1
A-73    ,4,128,PLANT   ,0,2
A-74    ,75,19,HOUSE   ,21,1
A-74    ,26,28,HOUSE   ,21,1
A-74    ,52,29,PLANT   ,0,2
A-74    ,119,37,HOUSE   ,21,1
A-74    ,128,44,PLANT   ,0,2
A-74    ,27,50,FLAG    ,0,4
A-74    ,30,54,FARM    ,2,3
A-74    ,72,57,HOUSE   ,14,1
A-74    ,6,67,HOUSE   ,21,1
A-74    ,125,72,PLANT   ,0,2
A-74    ,103,79,HOUSE   ,14,1
A-74    ,107,103,HOUSE   ,11,1
A-74    ,68,109,HOUSE   ,14,1
A-74    ,19,113,HOUSE   ,21,1
A-74    ,41,125,PLANT   ,0,2
A-74    ,2,128,PLANT   ,0,2
A-74    ,97,128,HOUSE   ,11,1
A-74    ,66,131,PLANT   ,0,2
A-75    ,56,23,HOUSE   ,23,1
A-75    ,94,31,HOUSE   ,14,1
A-75    ,12,40,HOUSE   ,23,1
A-75    ,111,49,HOUSE   ,14,1
A-75    ,27,50,FLAG    ,0,4
A-75    ,128,67,PLANT   ,0,2
A-75    ,66,68,HOUSE   ,14,1
A-75    ,21,81,HOUSE   ,23,1
A-75    ,49,84,PLANT   ,0,2
A-75    ,118,84,PLANT   ,0,2
A-75    ,97,87,HOUSE   ,14,1
A-75    ,108,122,HOUSE   ,14,1
A-75    ,18,124,HOUSE   ,23,1
A-75    ,48,128,PLANT   ,0,2
A-75    ,69,128,HOUSE   ,14,1
A-76    ,20,15,PLANT   ,0,2
A-76    ,99,20,HOUSE   ,34,1
A-76    ,53,25,HOUSE   ,14,1
A-76    ,1,32,PLANT   ,0,2
A-76    ,128,42,PLANT   ,0,2
A-76    ,89,46,HOUSE   ,14,1
A-76    ,27,50,FLAG    ,0,4
A-76    ,16,51,HOUSE   ,14,1
A-76    ,111,72,HOUSE   ,14,1
A-76    ,54,74,HOUSE   ,14,1
A-76    ,89,96,HOUSE   ,14,1
A-76    ,10,100,HOUSE   ,34,1
A-76    ,80,115,PLANT   ,0,2
A-76    ,30,121,PLANT   ,0,2
A-76    ,56,121,HOUSE   ,14,1
A-76    ,106,127,HOUSE   ,34,1
A-76    ,94,128,PLANT   ,0,2
A-77    ,59,27,HOUSE   ,21,1
A-77    ,111,28,HOUSE   ,21,1
A-77    ,13,32,HOUSE   ,11,1
A-77    ,86,43,PLANT   ,0,2
A-77    ,1,45,PLANT   ,0,2
A-77    ,27,50,FLAG    ,0,4
A-77    ,69,60,PLANT   ,0,2
A-77    ,48,63,HOUSE   ,11,1
A-77    ,105,66,HOUSE   ,21,1
A-77    ,31,71,FARM    ,2,3
A-77    ,13,72,HOUSE   ,11,1
A-77    ,91,75,FARM    ,2,3
A-77    ,74,92,HOUSE   ,11,1
A-77    ,2,101,PLANT   ,0,2
A-77    ,23,110,HOUSE   ,11,1
A-77    ,128,117,PLANT   ,0,2
A-77    ,108,122,HOUSE   ,11,1
A-77    ,17,128,PLANT   ,0,2
A-77    ,66,128,HOUSE   ,11,1
A-78    ,77,24,HOUSE   ,13,1
A-78    ,113,26,HOUSE   ,13,1
A-78    ,2,28,PLANT   ,0,2
A-78    ,31,31,HOUSE   ,13,1
A-78    ,27,50,FLAG    ,0,4
A-78    ,123,64,HOUSE   ,13,1
A-78    ,12,66,PLANT   ,0,2
A-78    ,30,66,HOUSE   ,12,1
A-78    ,77,73,HOUSE   ,23,1
A-78    ,12,101,HOUSE   ,12,1
A-78    ,57,103,HOUSE   ,12,1
A-78    ,118,105,HOUSE   ,13,1
A-78    ,128,115,PLANT   ,0,2
A-78    ,15,128,PLANT   ,0,2
A-78    ,35,128,PLANT   ,0,2
A-78    ,92,128,HOUSE   ,12,1
A-8     ,28,22,PLANT   ,0,2
A-8     ,78,35,HOUSE   ,33,1
A-8     ,116,41,PLANT   ,0,2
A-8     ,57,45,PLANT   ,0,2
A-8     ,27,50,FLAG    ,0,4
A-8     ,19,71,PLANT   ,0,2
A-8     ,52,83,HOUSE   ,21,1
A-8     ,106,83,PLANT   ,0,2
A-8     ,26,90,FARM    ,2,3
A-8     ,65,104,FARM    ,2,3
A-8     ,2,113,PLANT   ,0,2
A-8     ,103,116,HOUSE   ,13,1
A-8     ,121,121,PLANT   ,0,2
A-8     ,55,125,PLANT   ,0,2
A-9     ,19,12,PLANT   ,0,2
A-9     ,52,17,PLANT   ,0,2
A-9     ,91,33,HOUSE   ,32,1
A-9     ,115,41,PLANT   ,0,2
A-9     ,100,46,FARM    ,2,3
A-9     ,27,50,FLAG    ,0,4
A-9     ,22,63,HOUSE   ,32,1
A-9     ,60,67,PLANT   ,0,2
A-9     ,11,74,FARM    ,2,3
A-9     ,66,109,FARM    ,2,3
A-9     ,97,112,HOUSE   ,33,1
A-9     ,50,115,PLANT   ,0,2
A-9     ,111,118,PLANT   ,0,2
A-9     ,21,130,PLANT   ,0,2
